id,nom,insee,geopoint,adresse,emplacements,no_appel,info,last_modified,datagouv_dataset_id,datagouv_resource_id,datagouv_organization_or_owner
06004-T-002,Juan Gare,06004,"7.06425, 43.34146",avenue de l'esterel,,,,2021-09-13T17:20:08.894000,60911729a640b4d970a794d0,5d663912-f57c-4e7f-9db7-1c2cc13cf679,le-taxi
69123-T-083,TAX603,69123,"4.84487, 45.7767679990572",Place Général Leclerc,6,,,2021-09-13T17:20:08.894000,60911729a640b4d970a794d0,5d663912-f57c-4e7f-9db7-1c2cc13cf679,le-taxi
69123-T-081,TAX604,69123,"4.842826, 45.7686029990571",Place Maréchal Lyautey,6,,,2021-09-13T17:20:08.894000,60911729a640b4d970a794d0,5d663912-f57c-4e7f-9db7-1c2cc13cf679,le-taxi
69123-T-080,TAX602,69123,"4.853856, 45.7696569990571","39, Cours Vitton",4,,,2021-09-13T17:20:08.894000,60911729a640b4d970a794d0,5d663912-f57c-4e7f-9db7-1c2cc13cf679,le-taxi
69123-T-079,TAXVIL01,69123,"4.86371, 45.7709519990572","21, Rue Gabriel Péri",6,,,2021-09-13T17:20:08.894000,60911729a640b4d970a794d0,5d663912-f57c-4e7f-9db7-1c2cc13cf679,le-taxi
69123-T-078,TAX701,69123,"4.835581, 45.7493089990571","3, Rue Jaboulay",7,,,2021-09-13T17:20:08.894000,60911729a640b4d970a794d0,5d663912-f57c-4e7f-9db7-1c2cc13cf679,le-taxi
69123-T-077,TAX707,69123,"4.841933, 45.7463349990571","16, Place Jean Macé",10,,,2021-09-13T17:20:08.894000,60911729a640b4d970a794d0,5d663912-f57c-4e7f-9db7-1c2cc13cf679,le-taxi
69123-T-076,TAXVIL04,69123,"4.909076, 45.7639679990571",dépose minute Bonnevay,3,,,2021-09-13T17:20:08.894000,60911729a640b4d970a794d0,5d663912-f57c-4e7f-9db7-1c2cc13cf679,le-taxi
69123-T-075,TAXCAL01,69123,"4.847985, 45.7998899990572",Place de L'église,4,,,2021-09-13T17:20:08.894000,60911729a640b4d970a794d0,5d663912-f57c-4e7f-9db7-1c2cc13cf679,le-taxi
69123-T-074,TAX401,69123,"4.831099, 45.7744549990572","159, Boulevard de la Croix-Rousse",8,,,2021-09-13T17:20:08.894000,60911729a640b4d970a794d0,5d663912-f57c-4e7f-9db7-1c2cc13cf679,le-taxi
69123-T-073,TAXRIL01,69123,"4.894392, 45.8145799990572","Face 30, Avenue de l'Europe",2,,,2021-09-13T17:20:08.894000,60911729a640b4d970a794d0,5d663912-f57c-4e7f-9db7-1c2cc13cf679,le-taxi
69123-T-072,TAXCAL02,69123,"4.833963, 45.7863159990572",Chemin du Penthod,5,,,2021-09-13T17:20:08.894000,60911729a640b4d970a794d0,5d663912-f57c-4e7f-9db7-1c2cc13cf679,le-taxi
69123-T-071,TAX500,69123,"4.812657, 45.7579679990571",Place de Trion,4,,,2021-09-13T17:20:08.894000,60911729a640b4d970a794d0,5d663912-f57c-4e7f-9db7-1c2cc13cf679,le-taxi
69123-T-070,TAX502,69123,"4.827844, 45.7661079990571","6, Rue Octavio Mey",4,,,2021-09-13T17:20:08.894000,60911729a640b4d970a794d0,5d663912-f57c-4e7f-9db7-1c2cc13cf679,le-taxi
69123-T-069,TAX505,69123,"4.796574, 45.7562469990571","3, Rue Joliot Curie",5,,,2021-09-13T17:20:08.894000,60911729a640b4d970a794d0,5d663912-f57c-4e7f-9db7-1c2cc13cf679,le-taxi
69123-T-068,TAX504,69123,"4.821231, 45.7591679990571","6, Rue de l'Antiquaille",3,,,2021-09-13T17:20:08.894000,60911729a640b4d970a794d0,5d663912-f57c-4e7f-9db7-1c2cc13cf679,le-taxi
69123-T-067,TAX501,69123,"4.828835, 45.7624039990571","21, Quai Romain Rolland",4,,,2021-09-13T17:20:08.894000,60911729a640b4d970a794d0,5d663912-f57c-4e7f-9db7-1c2cc13cf679,le-taxi
69123-T-066,TAX402,69123,"4.835988, 45.7784149990572","12, Rue Gigodot",2,,,2021-09-13T17:20:08.894000,60911729a640b4d970a794d0,5d663912-f57c-4e7f-9db7-1c2cc13cf679,le-taxi
69123-T-065,TAX400,69123,"4.821589, 45.7734249990572","1, Rue Philibert Roussy",3,,,2021-09-13T17:20:08.894000,60911729a640b4d970a794d0,5d663912-f57c-4e7f-9db7-1c2cc13cf679,le-taxi
69123-T-064,TAX300,69123,"4.867301, 45.7543789990571",Place Rouget de L'Isle,3,,,2021-09-13T17:20:08.894000,60911729a640b4d970a794d0,5d663912-f57c-4e7f-9db7-1c2cc13cf679,le-taxi
69123-T-063,TAX307,69123,"4.851195, 45.7619899990571","74, Rue de Bonnel",5,,,2021-09-13T17:20:08.894000,60911729a640b4d970a794d0,5d663912-f57c-4e7f-9db7-1c2cc13cf679,le-taxi
69123-T-062,TAX301,69123,"4.861573, 45.7605189990571","42, Rue de la Villette",12,,,2021-09-13T17:20:08.894000,60911729a640b4d970a794d0,5d663912-f57c-4e7f-9db7-1c2cc13cf679,le-taxi
69123-T-061,TAX304,69123,"4.857677, 45.7620949990571","12, Boulevard Marius Vivier-Merle",7,,,2021-09-13T17:20:08.894000,60911729a640b4d970a794d0,5d663912-f57c-4e7f-9db7-1c2cc13cf679,le-taxi
69123-T-060,TAX305,69123,"4.85944, 45.7603929990572",Gare de la Part-Dieu,12,,,2021-09-13T17:20:08.894000,60911729a640b4d970a794d0,5d663912-f57c-4e7f-9db7-1c2cc13cf679,le-taxi
69123-T-059,TAX308,69123,"4.856125, 45.7594509990571",Rue des Cuirassiers,6,,,2021-09-13T17:20:08.894000,60911729a640b4d970a794d0,5d663912-f57c-4e7f-9db7-1c2cc13cf679,le-taxi
69123-T-082,TAX600,69123,"4.85436, 45.7856819990572","50, Quai Charles de Gaulle",6,,,2021-09-13T17:20:08.894000,60911729a640b4d970a794d0,5d663912-f57c-4e7f-9db7-1c2cc13cf679,le-taxi
69123-T-084,TAXBRO03,69123,"4.917215, 45.7379769990571","74, Avenue Ferdinand Buisson",2,,,2021-09-13T17:20:08.894000,60911729a640b4d970a794d0,5d663912-f57c-4e7f-9db7-1c2cc13cf679,le-taxi
69123-T-004,TAXVIL03,69123,"4.90643, 45.7605549990571","158, Rue Léon Blum",4,,,2021-09-13T17:20:08.894000,60911729a640b4d970a794d0,5d663912-f57c-4e7f-9db7-1c2cc13cf679,le-taxi
69123-T-085,TAX801,69123,"4.868697, 45.7369599990571","Face 5, Rue Marius Berliet",3,,,2021-09-13T17:20:08.894000,60911729a640b4d970a794d0,5d663912-f57c-4e7f-9db7-1c2cc13cf679,le-taxi
69123-T-108,TAXVIL02,69123,"4.86524, 45.7765279990572","45, Avenue Galline",6,,,2021-09-13T17:20:08.894000,60911729a640b4d970a794d0,5d663912-f57c-4e7f-9db7-1c2cc13cf679,le-taxi
69123-T-107,TAX904,69123,"4.812555, 45.7880699990572","Face 8, Rue de la Navigation",4,,,2021-09-13T17:20:08.894000,60911729a640b4d970a794d0,5d663912-f57c-4e7f-9db7-1c2cc13cf679,le-taxi
69123-T-106,TAX703,69123,"4.8259, 45.7320769990571","16, Place Docteurs Charles et Christophe Mérieux",10,,,2021-09-13T17:20:08.894000,60911729a640b4d970a794d0,5d663912-f57c-4e7f-9db7-1c2cc13cf679,le-taxi
69123-T-105,TAX902,69123,"4.803956, 45.7793329990572",Rue Roger Salengro,5,,,2021-09-13T17:20:08.894000,60911729a640b4d970a794d0,5d663912-f57c-4e7f-9db7-1c2cc13cf679,le-taxi
69123-T-104,TAXNEU01,69123,"4.838308, 45.8767059990572",Quai Pasteur,4,,,2021-09-13T17:20:08.894000,60911729a640b4d970a794d0,5d663912-f57c-4e7f-9db7-1c2cc13cf679,le-taxi
69123-T-103,TAX705,69123,"4.837561, 45.7373719990571","1, Rue Marie-Madeleine Fourcade",4,,,2021-09-13T17:20:08.894000,60911729a640b4d970a794d0,5d663912-f57c-4e7f-9db7-1c2cc13cf679,le-taxi
69123-T-102,TAX704,69123,"4.830401, 45.7270039990571","256, Rue Marcel Mérieux",6,,,2021-09-13T17:20:08.894000,60911729a640b4d970a794d0,5d663912-f57c-4e7f-9db7-1c2cc13cf679,le-taxi
69123-T-101,TAX900,69123,"4.808672, 45.7742859990571","45b, Quai Jayr",5,,,2021-09-13T17:20:08.894000,60911729a640b4d970a794d0,5d663912-f57c-4e7f-9db7-1c2cc13cf679,le-taxi
69123-T-100,TAX306,69123,"4.85599, 45.7630879990571","32, Boulevard Eugéne Deruelle",5,,,2021-09-13T17:20:08.894000,60911729a640b4d970a794d0,5d663912-f57c-4e7f-9db7-1c2cc13cf679,le-taxi
69123-T-099,TAX101,69123,"4.834442, 45.7666229990571","5, Rue Président Edouard Herriot",3,,,2021-09-13T17:20:08.894000,60911729a640b4d970a794d0,5d663912-f57c-4e7f-9db7-1c2cc13cf679,le-taxi
69123-T-098,TAXVIL05,69123,"4.87934, 45.7693549990571","4, Avenue Henri Barbusse",5,,,2021-09-13T17:20:08.894000,60911729a640b4d970a794d0,5d663912-f57c-4e7f-9db7-1c2cc13cf679,le-taxi
69123-T-097,TAX100,69123,"4.834448, 45.7670289990571","1, Rue Président Edouard Herriot",5,,,2021-09-13T17:20:08.894000,60911729a640b4d970a794d0,5d663912-f57c-4e7f-9db7-1c2cc13cf679,le-taxi
69123-T-096,TAX203,69123,"4.828065, 45.7516439990571","4, Place Carnot",5,,,2021-09-13T17:20:08.894000,60911729a640b4d970a794d0,5d663912-f57c-4e7f-9db7-1c2cc13cf679,le-taxi
69123-T-095,TAX606,69123,"4.857791, 45.7856729990572","10, Quai Charles de Gaulle",13,,,2021-09-13T17:20:08.894000,60911729a640b4d970a794d0,5d663912-f57c-4e7f-9db7-1c2cc13cf679,le-taxi
69123-T-094,TAX804,69123,"4.867749, 45.7289049990571","114, Boulevard des Etats-Unis",3,,,2021-09-13T17:20:08.894000,60911729a640b4d970a794d0,5d663912-f57c-4e7f-9db7-1c2cc13cf679,le-taxi
69123-T-093,TAX803,69123,"4.867241, 45.7291379990571",Rue du Professeur Beauvisage,5,,,2021-09-13T17:20:08.894000,60911729a640b4d970a794d0,5d663912-f57c-4e7f-9db7-1c2cc13cf679,le-taxi
69123-T-092,TAX708,69123,"4.846355, 45.7522749990571",Place Emir Abd El Kader,4,,,2021-09-13T17:20:08.894000,60911729a640b4d970a794d0,5d663912-f57c-4e7f-9db7-1c2cc13cf679,le-taxi
69123-T-091,TAX310,69123,"4.87911, 45.7435439990571","1, Place d'arsonval",30,,,2021-09-13T17:20:08.894000,60911729a640b4d970a794d0,5d663912-f57c-4e7f-9db7-1c2cc13cf679,le-taxi
69123-T-090,TAXCHP01,69123,"4.790113, 45.7971669990572",99 Av lanessan,7,,,2021-09-13T17:20:08.894000,60911729a640b4d970a794d0,5d663912-f57c-4e7f-9db7-1c2cc13cf679,le-taxi
69123-T-089,TAX303,69123,"4.858639, 45.7594289990571",Vivier Merle,46,,,2021-09-13T17:20:08.894000,60911729a640b4d970a794d0,5d663912-f57c-4e7f-9db7-1c2cc13cf679,le-taxi
69123-T-088,TAX903,69123,"4.79294, 45.7871259990572",Rue Maurice Béjart,5,,,2021-09-13T17:20:08.894000,60911729a640b4d970a794d0,5d663912-f57c-4e7f-9db7-1c2cc13cf679,le-taxi
69123-T-087,TAXBRO01,69123,"4.90864, 45.7337739990571","3, Rue Verdun",2,,,2021-09-13T17:20:08.894000,60911729a640b4d970a794d0,5d663912-f57c-4e7f-9db7-1c2cc13cf679,le-taxi
69123-T-086,TAX601,69123,"4.859368, 45.7664509990571",Place Jules Ferry,9,,,2021-09-13T17:20:08.894000,60911729a640b4d970a794d0,5d663912-f57c-4e7f-9db7-1c2cc13cf679,le-taxi
69123-T-058,TAX204,69123,"4.825272, 45.7473659990571","5, Place des Archives",4,,,2021-09-13T17:20:08.894000,60911729a640b4d970a794d0,5d663912-f57c-4e7f-9db7-1c2cc13cf679,le-taxi
69123-T-057,TAX202,69123,"4.826179, 45.7489439990571",Centre d'Echange (domaine SNCF),61,,,2021-09-13T17:20:08.894000,60911729a640b4d970a794d0,5d663912-f57c-4e7f-9db7-1c2cc13cf679,le-taxi
69123-T-056,TAX201,69123,"4.834373, 45.7543709990571","20, Quai Docteur Gailleton",6,,,2021-09-13T17:20:08.894000,60911729a640b4d970a794d0,5d663912-f57c-4e7f-9db7-1c2cc13cf679,le-taxi
69123-T-055,TAX205,69123,"4.831388, 45.7567979990571","26, Place Bellecour",3,,,2021-09-13T17:20:08.894000,60911729a640b4d970a794d0,5d663912-f57c-4e7f-9db7-1c2cc13cf679,le-taxi
69123-T-028,TAXVIL07,69123,"4.876523, 45.7558929990571","5, Place des Maisons Neuves",2,,,2021-09-13T17:20:08.894000,60911729a640b4d970a794d0,5d663912-f57c-4e7f-9db7-1c2cc13cf679,le-taxi
69123-T-027,TAX905,69123,"4.812728, 45.7684909990571","3, Quai Chauveau",4,,,2021-09-13T17:20:08.894000,60911729a640b4d970a794d0,5d663912-f57c-4e7f-9db7-1c2cc13cf679,le-taxi
69123-T-026,TAX805,69123,"4.875316, 45.7347819990571",Rue Jacqueline Auriol - Angle Avenue Jean Mermoz,3,,,2021-09-13T17:20:08.894000,60911729a640b4d970a794d0,5d663912-f57c-4e7f-9db7-1c2cc13cf679,le-taxi
69123-T-025,TAXVER01,69123,"4.812606, 45.647045999057","88, Place Charles de Gaulle",1,,,2021-09-13T17:20:08.894000,60911729a640b4d970a794d0,5d663912-f57c-4e7f-9db7-1c2cc13cf679,le-taxi
69123-T-024,TAXGIV01,69123,"4.777287, 45.582467999057","14, Quai Robichon-Malgontier",1,,,2021-09-13T17:20:08.894000,60911729a640b4d970a794d0,5d663912-f57c-4e7f-9db7-1c2cc13cf679,le-taxi
69123-T-023,TAXLIS01,69123,"4.742272, 45.8646479990572","Face 82, Route Départementale 306",1,,,2021-09-13T17:20:08.894000,60911729a640b4d970a794d0,5d663912-f57c-4e7f-9db7-1c2cc13cf679,le-taxi
69123-T-022,TAXSGM01,69123,"4.80319, 45.8831819990573","1, Avenue de la Résistance",1,,,2021-09-13T17:20:08.894000,60911729a640b4d970a794d0,5d663912-f57c-4e7f-9db7-1c2cc13cf679,le-taxi
69123-T-021,TAXSDM01,69123,"4.798064, 45.8099899990572",Chemin des Roteaux,1,,,2021-09-13T17:20:08.894000,60911729a640b4d970a794d0,5d663912-f57c-4e7f-9db7-1c2cc13cf679,le-taxi
69123-T-020,TAXROC01,69123,"4.834818, 45.8419789990572","Face 216, Quai Pierre Dupont",1,,,2021-09-13T17:20:08.894000,60911729a640b4d970a794d0,5d663912-f57c-4e7f-9db7-1c2cc13cf679,le-taxi
69123-T-019,TAXMIO01,69123,"4.957697, 45.6645499990571","5, Rue de la République",1,,,2021-09-13T17:20:08.894000,60911729a640b4d970a794d0,5d663912-f57c-4e7f-9db7-1c2cc13cf679,le-taxi
69123-T-018,TAXTOU01,69123,"4.717499, 45.8149819990572",Avenue de l'Hippodrome,2,,,2021-09-13T17:20:08.894000,60911729a640b4d970a794d0,5d663912-f57c-4e7f-9db7-1c2cc13cf679,le-taxi
69123-T-017,TAXDAR01,69123,"4.761104, 45.8204699990572",Place de la Porte de Lyon,2,,,2021-09-13T17:20:08.894000,60911729a640b4d970a794d0,5d663912-f57c-4e7f-9db7-1c2cc13cf679,le-taxi
69123-T-016,TAXCHA01,69123,"4.949649, 45.7304189990571",Eurexpo,10,,,2021-09-13T17:20:08.894000,60911729a640b4d970a794d0,5d663912-f57c-4e7f-9db7-1c2cc13cf679,le-taxi
69123-T-015,TAXBRO05,69123,"4.90203, 45.7487449990571",Avenue Doyen Jean Lépine,5,,,2021-09-13T17:20:08.894000,60911729a640b4d970a794d0,5d663912-f57c-4e7f-9db7-1c2cc13cf679,le-taxi
69123-T-014,TAXBRO07,69123,"4.888609, 45.7320749990571",Rue Edouard Branly,2,,,2021-09-13T17:20:08.894000,60911729a640b4d970a794d0,5d663912-f57c-4e7f-9db7-1c2cc13cf679,le-taxi
69123-T-013,TAXVIL06,69123,"4.890791, 45.7592359990571","1, Avenue Général Leclerc",3,,,2021-09-13T17:20:08.894000,60911729a640b4d970a794d0,5d663912-f57c-4e7f-9db7-1c2cc13cf679,le-taxi
69123-T-012,TAX309,69123,"4.848149, 45.7604319990571","67, Rue Servient",5,,,2021-09-13T17:20:08.894000,60911729a640b4d970a794d0,5d663912-f57c-4e7f-9db7-1c2cc13cf679,le-taxi
69123-T-011,TAXBRO02,69123,"4.893685, 45.7415909990571","Face 104, Boulevard Pinel",7,,,2021-09-13T17:20:08.894000,60911729a640b4d970a794d0,5d663912-f57c-4e7f-9db7-1c2cc13cf679,le-taxi
69123-T-010,TAX200,69123,"4.834472, 45.7579299990571","1, Rue de la Barre",10,,,2021-09-13T17:20:08.894000,60911729a640b4d970a794d0,5d663912-f57c-4e7f-9db7-1c2cc13cf679,le-taxi
69123-T-009,TAXLIM01,69123,"4.775071, 45.8130059990572","175, Allée des Noisetiers",2,,,2021-09-13T17:20:08.894000,60911729a640b4d970a794d0,5d663912-f57c-4e7f-9db7-1c2cc13cf679,le-taxi
69123-T-008,TAXCOR01,69123,"4.898513, 45.6718189990571","74, Rue Centrale",1,,,2021-09-13T17:20:08.894000,60911729a640b4d970a794d0,5d663912-f57c-4e7f-9db7-1c2cc13cf679,le-taxi
69123-T-007,TAXCHR01,69123,"4.736169, 45.7819209990572",Promenade de la Gare,3,,,2021-09-13T17:20:08.894000,60911729a640b4d970a794d0,5d663912-f57c-4e7f-9db7-1c2cc13cf679,le-taxi
69123-T-006,TAXOUL02,69123,"4.814043, 45.7171299990571",Rue Pierre Sémard,5,,,2021-09-13T17:20:08.894000,60911729a640b4d970a794d0,5d663912-f57c-4e7f-9db7-1c2cc13cf679,le-taxi
69123-T-029,TAXVAU01,69123,"4.919936, 45.7773229990572","Face 33, Rue Emile Zola",2,,,2021-09-13T17:20:08.894000,60911729a640b4d970a794d0,5d663912-f57c-4e7f-9db7-1c2cc13cf679,le-taxi
69123-T-030,TAXFSS01,69123,"4.847669, 45.8346409990572","1, Rue Pierre Cardon",1,,,2021-09-13T17:20:08.894000,60911729a640b4d970a794d0,5d663912-f57c-4e7f-9db7-1c2cc13cf679,le-taxi
69123-T-031,TAXFSS02,69123,"4.847054, 45.8349459990572","56, Rue Gambetta",1,,,2021-09-13T17:20:08.894000,60911729a640b4d970a794d0,5d663912-f57c-4e7f-9db7-1c2cc13cf679,le-taxi
69123-T-044,TAX709,69123,"4.839893, 45.7557049990571",Quai Claude Bernard,4,,,2021-09-13T17:20:08.894000,60911729a640b4d970a794d0,5d663912-f57c-4e7f-9db7-1c2cc13cf679,le-taxi
69123-T-054,TAX207,69123,"4.833641, 45.7607899990571","1, Place des Jacobins",6,,,2021-09-13T17:20:08.894000,60911729a640b4d970a794d0,5d663912-f57c-4e7f-9db7-1c2cc13cf679,le-taxi
69123-T-053,TAX208,69123,"4.836337, 45.7635859990571",Place des Cordeliers,8,,,2021-09-13T17:20:08.894000,60911729a640b4d970a794d0,5d663912-f57c-4e7f-9db7-1c2cc13cf679,le-taxi
69123-T-052,TAX206,69123,"4.836273, 45.7612559990571",Place de la République,9,,,2021-09-13T17:20:08.894000,60911729a640b4d970a794d0,5d663912-f57c-4e7f-9db7-1c2cc13cf679,le-taxi
69123-T-051,TAXVEN01,69123,"4.882921, 45.6995699990571",Place Henri Barbusse,5,,,2021-09-13T17:20:08.894000,60911729a640b4d970a794d0,5d663912-f57c-4e7f-9db7-1c2cc13cf679,le-taxi
69123-T-050,TAXTDL01,69123,"4.78162, 45.7638229990571","4, Place Pierre Vauboin",4,,,2021-09-13T17:20:08.894000,60911729a640b4d970a794d0,5d663912-f57c-4e7f-9db7-1c2cc13cf679,le-taxi
69123-T-049,TAXSPR01,69123,"4.934665, 45.6940999990571","22, Boulevard  Edouard herriot",2,,,2021-09-13T17:20:08.894000,60911729a640b4d970a794d0,5d663912-f57c-4e7f-9db7-1c2cc13cf679,le-taxi
69123-T-048,TAXOUL01,69123,"4.806627, 45.7140379990571","Face 2, Rue Etienne Dolet",4,,,2021-09-13T17:20:08.894000,60911729a640b4d970a794d0,5d663912-f57c-4e7f-9db7-1c2cc13cf679,le-taxi
69123-T-047,TAXECU01,69123,"4.779087, 45.7765979990572",Parking du Chêne,6,,,2021-09-13T17:20:08.894000,60911729a640b4d970a794d0,5d663912-f57c-4e7f-9db7-1c2cc13cf679,le-taxi
69123-T-046,TAXBRO04,69123,"4.919752, 45.7421789990571","Face 83, Avenue Pierre Brosselette",2,,,2021-09-13T17:20:08.894000,60911729a640b4d970a794d0,5d663912-f57c-4e7f-9db7-1c2cc13cf679,le-taxi
69123-T-045,TAXBRO06,69123,"4.928804, 45.7251429990571","260, Avenue Jean Monnet",4,,,2021-09-13T17:20:08.894000,60911729a640b4d970a794d0,5d663912-f57c-4e7f-9db7-1c2cc13cf679,le-taxi
69123-T-043,TAX311,69123,"4.871626, 45.7454909990571","107, Cours Albert Thomas",4,,,2021-09-13T17:20:08.894000,60911729a640b4d970a794d0,5d663912-f57c-4e7f-9db7-1c2cc13cf679,le-taxi
69123-T-032,TAX211,69123,"4.837377, 45.7593329990571","17, Quai Jules Courmont",4,,,2021-09-13T17:20:08.894000,60911729a640b4d970a794d0,5d663912-f57c-4e7f-9db7-1c2cc13cf679,le-taxi
69123-T-042,TAXVAU02,69123,"4.921717, 45.7606879990571","6, Avenue des Canuts",2,,,2021-09-13T17:20:08.894000,60911729a640b4d970a794d0,5d663912-f57c-4e7f-9db7-1c2cc13cf679,le-taxi
69123-T-041,TAX210,69123,"4.818035, 45.7337519990571","85, Quai Perrache",5,,,2021-09-13T17:20:08.894000,60911729a640b4d970a794d0,5d663912-f57c-4e7f-9db7-1c2cc13cf679,le-taxi
69123-T-040,TAXVIL09,69123,"4.891139, 45.7595049990571","59, Place Jules Grandclément",3,,,2021-09-13T17:20:08.894000,60911729a640b4d970a794d0,5d663912-f57c-4e7f-9db7-1c2cc13cf679,le-taxi
69123-T-039,TAXCHP02,69123,"4.780951, 45.7950949990572","Face 35b, Chemin du Coulouvrier",6,,,2021-09-13T17:20:08.894000,60911729a640b4d970a794d0,5d663912-f57c-4e7f-9db7-1c2cc13cf679,le-taxi
69123-T-038,TAXGEN01,69123,"4.840147, 45.8976289990573","102, Rue des Ecoles",2,,,2021-09-13T17:20:08.894000,60911729a640b4d970a794d0,5d663912-f57c-4e7f-9db7-1c2cc13cf679,le-taxi
69123-T-037,TAX605,69123,"4.841524, 45.7639059990572",Quai Général Sarrail,5,,,2021-09-13T17:20:08.894000,60911729a640b4d970a794d0,5d663912-f57c-4e7f-9db7-1c2cc13cf679,le-taxi
69123-T-036,TAXMEY01,69123,"5.003133, 45.7650469990571","27, Rue Louis Saulnier",3,,,2021-09-13T17:20:08.894000,60911729a640b4d970a794d0,5d663912-f57c-4e7f-9db7-1c2cc13cf679,le-taxi
69123-T-035,TAXFL01,69123,"4.796193, 45.7491739990571","7, Avenue Maréchal Foch",2,,,2021-09-13T17:20:08.894000,60911729a640b4d970a794d0,5d663912-f57c-4e7f-9db7-1c2cc13cf679,le-taxi
69123-T-034,TAX209,69123,"4.81976, 45.7416059990571","106, Cours Charlemagne",3,,,2021-09-13T17:20:08.894000,60911729a640b4d970a794d0,5d663912-f57c-4e7f-9db7-1c2cc13cf679,le-taxi
69123-T-033,TAXVIL08,69123,"4.874406, 45.7792699990571","128, Boulevard du 11 Novembre 1918",2,,,2021-09-13T17:20:08.894000,60911729a640b4d970a794d0,5d663912-f57c-4e7f-9db7-1c2cc13cf679,le-taxi
75006-T-002,Palais royal,75056,"2.33601217964, 48.8636050655",1 à 5 RUE SAINT HONORE,,0142606140,,2021-09-13T17:20:08.894000,60911729a640b4d970a794d0,5d663912-f57c-4e7f-9db7-1c2cc13cf679,le-taxi
75006-T-005,Opéra,75056,"2.33283223256, 48.8704409733",4 PLACE DE L OPERA,,0147427575,,2021-09-13T17:20:08.894000,60911729a640b4d970a794d0,5d663912-f57c-4e7f-9db7-1c2cc13cf679,le-taxi
75006-T-008,Saint-Paul,75056,"2.36090916367, 48.8553716906",8 RUE DE RIVOLI,,0148874939,,2021-09-13T17:20:08.894000,60911729a640b4d970a794d0,5d663912-f57c-4e7f-9db7-1c2cc13cf679,le-taxi
75006-T-115,Porte de Montreuil,75056,"2.41127131571, 48.8538169429",3 AVENUE DE LA PORTE DE MONTREUIL,,0143700000,,2021-09-13T17:20:08.894000,60911729a640b4d970a794d0,5d663912-f57c-4e7f-9db7-1c2cc13cf679,le-taxi
76540-T-026,Place du Marché,76540,"1.023409043, 49.388236092",Place du Marché,1,,,2021-09-13T17:20:08.894000,60911729a640b4d970a794d0,5d663912-f57c-4e7f-9db7-1c2cc13cf679,le-taxi
76540-T-025,Place de la Mairie,76540,"1.008454446, 49.357924307",Place de la Mairie,1,,,2021-09-13T17:20:08.894000,60911729a640b4d970a794d0,5d663912-f57c-4e7f-9db7-1c2cc13cf679,le-taxi
76540-T-024,283 route de Dieppe,76540,"1.05045693, 49.468915305",283 route de Dieppe,2,,,2021-09-13T17:20:08.894000,60911729a640b4d970a794d0,5d663912-f57c-4e7f-9db7-1c2cc13cf679,le-taxi
76540-T-023,Place du Maréchal Foch,76540,"1.145426299, 49.440417226",Place du Maréchal Foch,2,,,2021-09-13T17:20:08.894000,60911729a640b4d970a794d0,5d663912-f57c-4e7f-9db7-1c2cc13cf679,le-taxi
76540-T-022,Rue du Président Kennedy,76540,"1.12860178, 49.460324362",Rue du Président Kennedy,2,,,2021-09-13T17:20:08.894000,60911729a640b4d970a794d0,5d663912-f57c-4e7f-9db7-1c2cc13cf679,le-taxi
76540-T-021,Terminal de croisière (domaine privé GPMR),76540,"1.071645411, 49.443737251",Terminal de croisière (domaine privé GPMR),1,,,2021-09-13T17:20:08.894000,60911729a640b4d970a794d0,5d663912-f57c-4e7f-9db7-1c2cc13cf679,le-taxi
76540-T-020,Mairie de Sotteville,76540,"1.090635765, 49.414638854",Mairie de Sotteville,4,,,2021-09-13T17:20:08.894000,60911729a640b4d970a794d0,5d663912-f57c-4e7f-9db7-1c2cc13cf679,le-taxi
76540-T-019,Boulevard Stanislas Girardin,76540,"1.069682569, 49.412712342",Boulevard Stanislas Girardin,1,,,2021-09-13T17:20:08.894000,60911729a640b4d970a794d0,5d663912-f57c-4e7f-9db7-1c2cc13cf679,le-taxi
76540-T-018,Route de Dieppe,76540,"1.041194176, 49.523622749",Route de Dieppe,1,,,2021-09-13T17:20:08.894000,60911729a640b4d970a794d0,5d663912-f57c-4e7f-9db7-1c2cc13cf679,le-taxi
76540-T-017,Place Colbert,76540,"1.070967247, 49.461856835",Place Colbert,2,,,2021-09-13T17:20:08.894000,60911729a640b4d970a794d0,5d663912-f57c-4e7f-9db7-1c2cc13cf679,le-taxi
76540-T-016,Avenue Maréchal Juin,76540,"1.116571081, 49.463873399",Avenue Maréchal Juin,2,,,2021-09-13T17:20:08.894000,60911729a640b4d970a794d0,5d663912-f57c-4e7f-9db7-1c2cc13cf679,le-taxi
76540-T-014,Cours Clémenceau,76540,"1.089772605, 49.434332457",Cours Clémenceau,3,,,2021-09-13T17:20:08.894000,60911729a640b4d970a794d0,5d663912-f57c-4e7f-9db7-1c2cc13cf679,le-taxi
76540-T-013,Rue de Lillebonne,76540,"1.065024569, 49.446954816",Rue de Lillebonne,2,,,2021-09-13T17:20:08.894000,60911729a640b4d970a794d0,5d663912-f57c-4e7f-9db7-1c2cc13cf679,le-taxi
76540-T-011,CHU - Rue d'Amiens,76540,"1.106847622, 49.43905772",CHU - Rue d'Amiens,4,,,2021-09-13T17:20:08.894000,60911729a640b4d970a794d0,5d663912-f57c-4e7f-9db7-1c2cc13cf679,le-taxi
76540-T-010,Place des Emmurés,76540,"1.087923156, 49.433496412",Place des Emmurés,2,,,2021-09-13T17:20:08.894000,60911729a640b4d970a794d0,5d663912-f57c-4e7f-9db7-1c2cc13cf679,le-taxi
76540-T-009,Place Saint Marc,76540,"1.10160283, 49.438312209",Place Saint Marc,3,,,2021-09-13T17:20:08.894000,60911729a640b4d970a794d0,5d663912-f57c-4e7f-9db7-1c2cc13cf679,le-taxi
76540-T-008,Quai du Havre,76540,"1.087564705, 49.439121491",Quai du Havre,5,,,2021-09-13T17:20:08.894000,60911729a640b4d970a794d0,5d663912-f57c-4e7f-9db7-1c2cc13cf679,le-taxi
76540-T-006,Hôtel de Ville,76540,"1.098979772, 49.442292516",Hôtel de Ville,4,,,2021-09-13T17:20:08.894000,60911729a640b4d970a794d0,5d663912-f57c-4e7f-9db7-1c2cc13cf679,le-taxi
76540-T-005,Gare SNCF,76540,"1.093465121, 49.448612846",Gare SNCF,13,,,2021-09-13T17:20:08.894000,60911729a640b4d970a794d0,5d663912-f57c-4e7f-9db7-1c2cc13cf679,le-taxi
76540-T-004,Rue Albert Dupuis,76540,"1.12957693, 49.45679838",Rue Albert Dupuis,2,,,2021-09-13T17:20:08.894000,60911729a640b4d970a794d0,5d663912-f57c-4e7f-9db7-1c2cc13cf679,le-taxi
76540-T-003,Isneauville,76540,"1.147006251, 49.497132255",Isneauville,1,,,2021-09-13T17:20:08.894000,60911729a640b4d970a794d0,5d663912-f57c-4e7f-9db7-1c2cc13cf679,le-taxi
76540-T-002,Demi-Lune,76540,"1.048121034, 49.480745202",Demi-Lune,2,,,2021-09-13T17:20:08.894000,60911729a640b4d970a794d0,5d663912-f57c-4e7f-9db7-1c2cc13cf679,le-taxi
76540-T-001,Le Trait,76540,"0.806584975, 49.484867377",Le Trait,1,,,2021-09-13T17:20:08.894000,60911729a640b4d970a794d0,5d663912-f57c-4e7f-9db7-1c2cc13cf679,le-taxi
76540-T-027,Avenue des Provinces,76540,"1.050767629, 49.40794152",Avenue des Provinces,3,,,2021-09-13T17:20:08.894000,60911729a640b4d970a794d0,5d663912-f57c-4e7f-9db7-1c2cc13cf679,le-taxi
76540-T-028,Rue de Binche,76540,"1.039282831, 49.477771578",Rue de Binche,2,,,2021-09-13T17:20:08.894000,60911729a640b4d970a794d0,5d663912-f57c-4e7f-9db7-1c2cc13cf679,le-taxi
76540-T-029,56 route de Paris,76540,"1.126311175, 49.422205817",56 route de Paris,1,,,2021-09-13T17:20:08.894000,60911729a640b4d970a794d0,5d663912-f57c-4e7f-9db7-1c2cc13cf679,le-taxi
76540-T-046,rue Saint Eloi,76540,"1.0878519, 49.4416033",rue Saint Eloi,2,,,2021-09-13T17:20:08.894000,60911729a640b4d970a794d0,5d663912-f57c-4e7f-9db7-1c2cc13cf679,le-taxi
87085-T-007,Clinique Chénieux,87085,"1.283251, 45.813184",Clinique Chénieux,,555383838,,2021-09-13T17:20:08.894000,60911729a640b4d970a794d0,5d663912-f57c-4e7f-9db7-1c2cc13cf679,le-taxi
87085-T-006,CHU,87085,"1.234741, 45.811335",CHU,,555383838,,2021-09-13T17:20:08.894000,60911729a640b4d970a794d0,5d663912-f57c-4e7f-9db7-1c2cc13cf679,le-taxi
87085-T-005,Ester,87085,"1.292085, 45.861055",Ester,,555383838,,2021-09-13T17:20:08.894000,60911729a640b4d970a794d0,5d663912-f57c-4e7f-9db7-1c2cc13cf679,le-taxi
87085-T-004,Place République,87085,"1.261089, 45.832206",Place République,,555383838,,2021-09-13T17:20:08.894000,60911729a640b4d970a794d0,5d663912-f57c-4e7f-9db7-1c2cc13cf679,le-taxi
87085-T-003,Gare Bénédictins,87085,"1.267177, 45.836022",Gare Bénédictins,,555383838,,2021-09-13T17:20:08.894000,60911729a640b4d970a794d0,5d663912-f57c-4e7f-9db7-1c2cc13cf679,le-taxi
87085-T-002,Hôtel de Ville,87085,"1.259683, 45.826823",Hôtel de Ville,,555383838,,2021-09-13T17:20:08.894000,60911729a640b4d970a794d0,5d663912-f57c-4e7f-9db7-1c2cc13cf679,le-taxi
87085-T-001,Place des Carmes,87085,"1.250959, 45.83009",Place des Carmes,,555383838,,2021-09-13T17:20:08.894000,60911729a640b4d970a794d0,5d663912-f57c-4e7f-9db7-1c2cc13cf679,le-taxi
76540-T-679,rue Jeanne d'Arc,76540,"1.09108567, 49.443050042",rue Jeanne d'Arc,7,,,2021-09-13T17:20:08.894000,60911729a640b4d970a794d0,5d663912-f57c-4e7f-9db7-1c2cc13cf679,le-taxi
76540-T-359,rue du contrat Social,76540,"1.079442928, 49.445510606",rue du contrat Social,4,,,2021-09-13T17:20:08.894000,60911729a640b4d970a794d0,5d663912-f57c-4e7f-9db7-1c2cc13cf679,le-taxi
76540-T-047,rue Beauvoisine,76540,"1.100062699, 49.4482862",rue Beauvoisine,2,,,2021-09-13T17:20:08.894000,60911729a640b4d970a794d0,5d663912-f57c-4e7f-9db7-1c2cc13cf679,le-taxi
76540-T-045,rue Grand Pont,76540,"1.0932065, 49.4399428",rue Grand Pont,2,,,2021-09-13T17:20:08.894000,60911729a640b4d970a794d0,5d663912-f57c-4e7f-9db7-1c2cc13cf679,le-taxi
76540-T-031,1 place Jean Jaurès,76540,"1.036605376, 49.451175884",1 place Jean Jaurès,2,,,2021-09-13T17:20:08.894000,60911729a640b4d970a794d0,5d663912-f57c-4e7f-9db7-1c2cc13cf679,le-taxi
76540-T-043,Quai Cavelier de la salle,76540,"1.081461201, 49.4384463",Quai Cavelier de la salle,2,,,2021-09-13T17:20:08.894000,60911729a640b4d970a794d0,5d663912-f57c-4e7f-9db7-1c2cc13cf679,le-taxi
76540-T-042,Route de Paris,76540,"1.139063491, 49.412036917",Route de Paris,2,,,2021-09-13T17:20:08.894000,60911729a640b4d970a794d0,5d663912-f57c-4e7f-9db7-1c2cc13cf679,le-taxi
76540-T-041,Rue du Présendient Allende,76540,"1.0350572, 49.4502984",Rue du Présendient Allende,6,,,2021-09-13T17:20:08.894000,60911729a640b4d970a794d0,5d663912-f57c-4e7f-9db7-1c2cc13cf679,le-taxi
76540-T-040,Sente Delaunay,76540,"1.039616614, 49.507438689",Sente Delaunay,1,,,2021-09-13T17:20:08.894000,60911729a640b4d970a794d0,5d663912-f57c-4e7f-9db7-1c2cc13cf679,le-taxi
76540-T-039,Quai de la Libération,76540,"0.876530001, 49.4813747",Quai de la Libération,2,,,2021-09-13T17:20:08.894000,60911729a640b4d970a794d0,5d663912-f57c-4e7f-9db7-1c2cc13cf679,le-taxi
76540-T-038,Jean Rondeau,76540,"1.074867017, 49.433105165",Jean Rondeau,4,,,2021-09-13T17:20:08.894000,60911729a640b4d970a794d0,5d663912-f57c-4e7f-9db7-1c2cc13cf679,le-taxi
76540-T-037,Saint Sever,76540,"1.084752665, 49.430016836",Saint Sever,5,,,2021-09-13T17:20:08.894000,60911729a640b4d970a794d0,5d663912-f57c-4e7f-9db7-1c2cc13cf679,le-taxi
76540-T-035,Place Saint Julien,76540,"1.077594095, 49.426404439",Place Saint Julien,1,,,2021-09-13T17:20:08.894000,60911729a640b4d970a794d0,5d663912-f57c-4e7f-9db7-1c2cc13cf679,le-taxi
76540-T-033,Rue du Madrillet,76540,"1.074251954, 49.398454987",Rue du Madrillet,3,,,2021-09-13T17:20:08.894000,60911729a640b4d970a794d0,5d663912-f57c-4e7f-9db7-1c2cc13cf679,le-taxi
76540-T-032,Place de la mairie,76540,"1.157195122, 49.43229298",Place de la mairie,2,,,2021-09-13T17:20:08.894000,60911729a640b4d970a794d0,5d663912-f57c-4e7f-9db7-1c2cc13cf679,le-taxi
75006-T-121,Odéon,75056,"2.3384553552, 48.8526987119",134-140 BOULEVARD SAINT GERMAIN,,0143260000,,2021-09-13T17:20:08.894000,60911729a640b4d970a794d0,5d663912-f57c-4e7f-9db7-1c2cc13cf679,le-taxi
75006-T-109,Mairie du 20ème - Gambetta,75056,"2.39826413731, 48.8644620428",16 AVENUE DU PÈRE LACHAISE,,0146360000,,2021-09-13T17:20:08.894000,60911729a640b4d970a794d0,5d663912-f57c-4e7f-9db7-1c2cc13cf679,le-taxi
75006-T-009,Place Saint-Michel,75056,"2.34478897827, 48.8535275484",29 QUAI SAINT MICHEL,,0143296366,,2021-09-13T17:20:08.894000,60911729a640b4d970a794d0,5d663912-f57c-4e7f-9db7-1c2cc13cf679,le-taxi
75006-T-100,Buttes Chaumont - Botzaris,75056,"2.38145712053, 48.877841337",28 RUE BOTZARIS,,0142060132,,2021-09-13T17:20:08.894000,60911729a640b4d970a794d0,5d663912-f57c-4e7f-9db7-1c2cc13cf679,le-taxi
75006-T-045,Daumesnil - Felix Eboué,75056,"2.39581361584, 48.840021118",5 PLACE FÉLIX EBOUÉ,,0143430000,,2021-09-13T17:20:08.894000,60911729a640b4d970a794d0,5d663912-f57c-4e7f-9db7-1c2cc13cf679,le-taxi
75006-T-044,Bastille,75056,"2.36747268188, 48.8472505041",10 PLACE DE LA BASTILLE,,0143470332,,2021-09-13T17:20:08.894000,60911729a640b4d970a794d0,5d663912-f57c-4e7f-9db7-1c2cc13cf679,le-taxi
75006-T-041,Mairie du 11è - Léon Blum,75056,"2.38009671141, 48.8580220048",PLACE LÉON BLUM,,0143790000,,2021-09-13T17:20:08.894000,60911729a640b4d970a794d0,5d663912-f57c-4e7f-9db7-1c2cc13cf679,le-taxi
75006-T-040,Hôpital Saint Antoine,75056,"2.38474005809, 48.850304768",2 RUE FAIDHERBE,,0143720000,,2021-09-13T17:20:08.894000,60911729a640b4d970a794d0,5d663912-f57c-4e7f-9db7-1c2cc13cf679,le-taxi
75006-T-039,République,75056,"2.36611465921, 48.8670133468",1bis AVENUE DE LA RÉPUBLIQUE,,0142714204,,2021-09-13T17:20:08.894000,60911729a640b4d970a794d0,5d663912-f57c-4e7f-9db7-1c2cc13cf679,le-taxi
75006-T-038,Nation,75056,"2.39782744926, 48.84860853",3 AVENUE DU TRÔNE,,0143732958,,2021-09-13T17:20:08.894000,60911729a640b4d970a794d0,5d663912-f57c-4e7f-9db7-1c2cc13cf679,le-taxi
75006-T-034,Trinité d'Estienne d'Orves,75056,"2.33255592915, 48.8765472779",2 PLACE D'ESTIENNE D'ORVES,,0148740000,,2021-09-13T17:20:08.894000,60911729a640b4d970a794d0,5d663912-f57c-4e7f-9db7-1c2cc13cf679,le-taxi
75006-T-033,Place De Clichy,75056,"2.32789980368, 48.8828890921",80 à 84 RUE DE CLICHY,,0142850000,,2021-09-13T17:20:08.894000,60911729a640b4d970a794d0,5d663912-f57c-4e7f-9db7-1c2cc13cf679,le-taxi
75006-T-032,Saint Augustin,75056,"2.32056246485, 48.8743006729",42 BOULEVARD MALESHERBES,,0147425473,,2021-09-13T17:20:08.894000,60911729a640b4d970a794d0,5d663912-f57c-4e7f-9db7-1c2cc13cf679,le-taxi
75006-T-030,Place des Ternes,75056,"2.29885147349, 48.8777671424",272 RUE DU FAUBOURG SAINT-HONORÉ,,0147630000,,2021-09-13T17:20:08.894000,60911729a640b4d970a794d0,5d663912-f57c-4e7f-9db7-1c2cc13cf679,le-taxi
75006-T-029,Rond Point des Champs Elysées,75056,"2.3129441184, 48.8707335686",AVENUE MATIGNON,,0142562900,,2021-09-13T17:20:08.894000,60911729a640b4d970a794d0,5d663912-f57c-4e7f-9db7-1c2cc13cf679,le-taxi
75006-T-028,Place de l'Alma,75056,"2.30115183129, 48.8652344475",1 AVENUE GEORGE V,,0140709604,,2021-09-13T17:20:08.894000,60911729a640b4d970a794d0,5d663912-f57c-4e7f-9db7-1c2cc13cf679,le-taxi
75006-T-027,Madeleine,75056,"2.3233582984, 48.8705912499",4 BOULEVARD MALESHERBES,,0142650000,,2021-09-13T17:20:08.894000,60911729a640b4d970a794d0,5d663912-f57c-4e7f-9db7-1c2cc13cf679,le-taxi
75006-T-025,La Tour Maubourg - Invalides,75056,"2.30983064893, 48.8582561028",58 BOULEVARD DE LA TOUR-MAUBOURG,,0145557842,,2021-09-13T17:20:08.894000,60911729a640b4d970a794d0,5d663912-f57c-4e7f-9db7-1c2cc13cf679,le-taxi
75006-T-023,Ecole Militaire,75056,"2.30696076558, 48.8542591923",24 AVENUE DE TOURVILLE,,0147050000,,2021-09-13T17:20:08.894000,60911729a640b4d970a794d0,5d663912-f57c-4e7f-9db7-1c2cc13cf679,le-taxi
75006-T-022,Bac - Saint Germain,75056,"2.32639357017, 48.8564685779",46 à 54 RUE DU BAC,,0142224964,,2021-09-13T17:20:08.894000,60911729a640b4d970a794d0,5d663912-f57c-4e7f-9db7-1c2cc13cf679,le-taxi
75006-T-021,Alma - Branly,75056,"2.30239104714, 48.8616886404",3 AVENUE BOSQUET,,0147056686,,2021-09-13T17:20:08.894000,60911729a640b4d970a794d0,5d663912-f57c-4e7f-9db7-1c2cc13cf679,le-taxi
75006-T-019,Sèvres Babylone,75056,"2.32763640087, 48.8502444506",27 RUE DU CHERCHE MIDI,,0145488475,,2021-09-13T17:20:08.894000,60911729a640b4d970a794d0,5d663912-f57c-4e7f-9db7-1c2cc13cf679,le-taxi
75006-T-016,Mabillon,75056,"2.33514576303, 48.8530135701",4 RUE DU FOUR,,0143290000,,2021-09-13T17:20:08.894000,60911729a640b4d970a794d0,5d663912-f57c-4e7f-9db7-1c2cc13cf679,le-taxi
75006-T-013,Place Monge,75056,"2.35239222576, 48.8433804054",75bis RUE MONGE,,0145871595,,2021-09-13T17:20:08.894000,60911729a640b4d970a794d0,5d663912-f57c-4e7f-9db7-1c2cc13cf679,le-taxi
75006-T-012,Panthéon,75056,"2.34185384405, 48.8472758731",22 RUE SOUFFLOT,,0146330000,,2021-09-13T17:20:08.894000,60911729a640b4d970a794d0,5d663912-f57c-4e7f-9db7-1c2cc13cf679,le-taxi
75006-T-011,Maubert Mutualité,75056,"2.34823611696, 48.8503092893",60 BOULEVARD SAINT GERMAIN,,0146341032,,2021-09-13T17:20:08.894000,60911729a640b4d970a794d0,5d663912-f57c-4e7f-9db7-1c2cc13cf679,le-taxi
75006-T-010,Gobelins,75056,"2.35230732561, 48.8371426561",90 BOULEVARD SAINT MARCEL,,0143310000,,2021-09-13T17:20:08.894000,60911729a640b4d970a794d0,5d663912-f57c-4e7f-9db7-1c2cc13cf679,le-taxi
75006-T-047,Château de Vincennes,75056,"2.44229491315, 48.8450127811",ROUTE DES PELOUSES DE MARIGNY,,0148080000,,2021-09-13T17:20:08.894000,60911729a640b4d970a794d0,5d663912-f57c-4e7f-9db7-1c2cc13cf679,le-taxi
75006-T-048,Cour Saint Emilion,75056,"2.38602425378, 48.8318926306",8 RUE DES PIROGUES DE BERCY,,0144750916,,2021-09-13T17:20:08.894000,60911729a640b4d970a794d0,5d663912-f57c-4e7f-9db7-1c2cc13cf679,le-taxi
75006-T-052,Place d'Italie,75056,"2.36554082014, 48.8341564891",BOULEVARD VINCENT AURIOL,,0145833493,,2021-09-13T17:20:08.894000,60911729a640b4d970a794d0,5d663912-f57c-4e7f-9db7-1c2cc13cf679,le-taxi
75006-T-075,Maison de la Radio,75056,"2.27831386373, 48.8514240736",PLACE CLÉMENT ADER,,0145245617,,2021-09-13T17:20:08.894000,60911729a640b4d970a794d0,5d663912-f57c-4e7f-9db7-1c2cc13cf679,le-taxi
75006-T-092,Mairie du 18ème,75056,"2.34518964275, 48.8925750779",30 RUE HERMEL,,0146060000,,2021-09-13T17:20:08.894000,60911729a640b4d970a794d0,5d663912-f57c-4e7f-9db7-1c2cc13cf679,le-taxi
75006-T-091,Villiers - Courcelles,75056,"2.31483589094, 48.8815284282",3 AVENUE DE VILLIERS,,0146220000,,2021-09-13T17:20:08.894000,60911729a640b4d970a794d0,5d663912-f57c-4e7f-9db7-1c2cc13cf679,le-taxi
75006-T-090,Porte de Saint Ouen,75056,"2.32878168137, 48.8982878334",3 AVENUE DE LA PORTE DE SAINT OUEN,,0142630000,,2021-09-13T17:20:08.894000,60911729a640b4d970a794d0,5d663912-f57c-4e7f-9db7-1c2cc13cf679,le-taxi
75006-T-088,Porte de Champeret,75056,"2.29128231472, 48.8852476734",5 BOULEVARD GOUVION-SAINT-CYR,,0147662277,,2021-09-13T17:20:08.894000,60911729a640b4d970a794d0,5d663912-f57c-4e7f-9db7-1c2cc13cf679,le-taxi
75006-T-085,Courcelles Chazelle,75056,"2.30375217957, 48.8794622634",94 BOULEVARD DE COURCELLES,,0147668050,,2021-09-13T17:20:08.894000,60911729a640b4d970a794d0,5d663912-f57c-4e7f-9db7-1c2cc13cf679,le-taxi
75006-T-083,Maréchal Juin,75056,"2.29758742677, 48.8843824378",3 PLACE DU MARÉCHAL JUIN,,0142270000,,2021-09-13T17:20:08.894000,60911729a640b4d970a794d0,5d663912-f57c-4e7f-9db7-1c2cc13cf679,le-taxi
75006-T-082,Etoile - Wagram,75056,"2.30525509621, 48.8871190658",2 AVENUE DE WAGRAM,,0143800199,,2021-09-13T17:20:08.894000,60911729a640b4d970a794d0,5d663912-f57c-4e7f-9db7-1c2cc13cf679,le-taxi
75006-T-081,Trocadéro,75056,"2.28609868006, 48.8634189106",1 AVENUE D'EYLAU,,0147270000,,2021-09-13T17:20:08.894000,60911729a640b4d970a794d0,5d663912-f57c-4e7f-9db7-1c2cc13cf679,le-taxi
75006-T-079,Porte d'Auteuil,75056,"2.25947261201, 48.8471738534",136 à 144 BOULEVARD EXELMANS,,0146511461,,2021-09-13T17:20:08.894000,60911729a640b4d970a794d0,5d663912-f57c-4e7f-9db7-1c2cc13cf679,le-taxi
75006-T-078,Place Victor Hugo,75056,"2.28603436751, 48.8697278689",1 PLACE VICTOR HUGO,,0145530011,,2021-09-13T17:20:08.894000,60911729a640b4d970a794d0,5d663912-f57c-4e7f-9db7-1c2cc13cf679,le-taxi
75006-T-073,Porte de Saint Cloud,75056,"2.25715658025, 48.837269071",5 PLACE DE LA PORTE DE SAINT-CLOUD,,0146516040,,2021-09-13T17:20:08.894000,60911729a640b4d970a794d0,5d663912-f57c-4e7f-9db7-1c2cc13cf679,le-taxi
75006-T-055,Rue De Patay,75056,"2.3737862087, 48.8261083051",117 à 121 RUE DE PATAY,,0145830000,,2021-09-13T17:20:08.894000,60911729a640b4d970a794d0,5d663912-f57c-4e7f-9db7-1c2cc13cf679,le-taxi
75006-T-072,La Muette,75056,"2.27375319316, 48.8580422815",11 DE LA MUETTE,,0142880000,,2021-09-13T17:20:08.894000,60911729a640b4d970a794d0,5d663912-f57c-4e7f-9db7-1c2cc13cf679,le-taxi
75006-T-071,Sèvres Lecourbe,75056,"2.31188086803, 48.8452046846",1 BOULEVARD PASTEUR,,0147340000,,2021-09-13T17:20:08.894000,60911729a640b4d970a794d0,5d663912-f57c-4e7f-9db7-1c2cc13cf679,le-taxi
75006-T-068,La Motte-Picquet Grenelle,75056,"2.29852181114, 48.8492777899",65 AVENUE DE LA MOTTE-PICQUET,,0145660000,,2021-09-13T17:20:08.894000,60911729a640b4d970a794d0,5d663912-f57c-4e7f-9db7-1c2cc13cf679,le-taxi
75006-T-065,Convention - Vaugirard,75056,"2.29735568619, 48.8378406035",306 RUE DE VAUGIRARD,,0142500000,,2021-09-13T17:20:08.894000,60911729a640b4d970a794d0,5d663912-f57c-4e7f-9db7-1c2cc13cf679,le-taxi
75006-T-064,Porte de Versailles,75056,"2.28884688905, 48.8331542686",380 RUE DE VAUGIRARD,,0148280000,,2021-09-13T17:20:08.894000,60911729a640b4d970a794d0,5d663912-f57c-4e7f-9db7-1c2cc13cf679,le-taxi
75006-T-063,Place Charles Michels,75056,"2.28492324504, 48.8470063366",56 RUE LINOIS,,0145782000,,2021-09-13T17:20:08.894000,60911729a640b4d970a794d0,5d663912-f57c-4e7f-9db7-1c2cc13cf679,le-taxi
75006-T-061,Plaisance,75056,"2.31351339004, 48.8316181139",132 RUE RAYMOND LOSSERAND,,0145416600,,2021-09-13T17:20:08.894000,60911729a640b4d970a794d0,5d663912-f57c-4e7f-9db7-1c2cc13cf679,le-taxi
75006-T-059,Porte d'Orléans,75056,"2.32582313281, 48.8223933839",5 PLACE DU VINGT-CINQ AOÛT 1944,,0145405205,,2021-09-13T17:20:08.894000,60911729a640b4d970a794d0,5d663912-f57c-4e7f-9db7-1c2cc13cf679,le-taxi
75006-T-058,Denfert Rochereau,75056,"2.33248852027, 48.835004802",297 BOULEVARD RASPAIL,,0143350000,,2021-09-13T17:20:08.894000,60911729a640b4d970a794d0,5d663912-f57c-4e7f-9db7-1c2cc13cf679,le-taxi
75006-T-056,Porte d'Italie,75056,"2.36014419765, 48.8193457479",164 BOULEVARD MASSÉNA,,0145860044,,2021-09-13T17:20:08.894000,60911729a640b4d970a794d0,5d663912-f57c-4e7f-9db7-1c2cc13cf679,le-taxi
69123-T-005,TAXRIL02,69123,"4.902449, 45.8178809990572","79b, Avenue de l'Europe",3,,,2021-09-13T17:20:08.894000,60911729a640b4d970a794d0,5d663912-f57c-4e7f-9db7-1c2cc13cf679,le-taxi
69123-T-003,TAX312,69123,"4.842446, 45.7567489990571",Rue Aimé Collomb,4,,,2021-09-13T17:20:08.894000,60911729a640b4d970a794d0,5d663912-f57c-4e7f-9db7-1c2cc13cf679,le-taxi
06004-T-003,Place de Gaulle,06004,"7.07172, 43.34477",boulevard Albert 1er,,,,2021-09-13T17:20:08.894000,60911729a640b4d970a794d0,5d663912-f57c-4e7f-9db7-1c2cc13cf679,le-taxi
13055-T-868,Obelisque,13055,"5.40318723634868, 43.2504815677106",Place de l'Obelisque,,0811469090,,2021-09-13T17:20:08.894000,60911729a640b4d970a794d0,5d663912-f57c-4e7f-9db7-1c2cc13cf679,le-taxi
13055-T-852,Moulin,13055,"5.40019297255852, 43.2899636895173",Bd Jean Moulin,,0811469090,,2021-09-13T17:20:08.894000,60911729a640b4d970a794d0,5d663912-f57c-4e7f-9db7-1c2cc13cf679,le-taxi
13055-T-847,Les Terrasses Du Port,13055,"5.36599304848847, 43.3079675461201",Quai du Lazaret,,,,2021-09-13T17:20:08.894000,60911729a640b4d970a794d0,5d663912-f57c-4e7f-9db7-1c2cc13cf679,le-taxi
13055-T-846,Gde Bastide Cazaulx,13055,"5.43693281607846, 43.2994044860499",Allee de La Grande Bastide Cazaulx,,,,2021-09-13T17:20:08.894000,60911729a640b4d970a794d0,5d663912-f57c-4e7f-9db7-1c2cc13cf679,le-taxi
13055-T-834,Hopital Laveran,13055,"5.4137755815834, 43.3264565977179",Boulevard Laveran,,,,2021-09-13T17:20:08.894000,60911729a640b4d970a794d0,5d663912-f57c-4e7f-9db7-1c2cc13cf679,le-taxi
13055-T-831,Chu Timone,13055,"5.40337593281831, 43.2915531245245",Rue Saint Pierre,,0811469090,,2021-09-13T17:20:08.894000,60911729a640b4d970a794d0,5d663912-f57c-4e7f-9db7-1c2cc13cf679,le-taxi
13055-T-828,Puget Bas,13055,"5.37726165614828, 43.2903158681452",Rue Stanislas Torrents,,,,2021-09-13T17:20:08.894000,60911729a640b4d970a794d0,5d663912-f57c-4e7f-9db7-1c2cc13cf679,le-taxi
13055-T-823,Gibbes,13055,"5.38502470190823, 43.3285329719756",Chemin de Gibbes,,,,2021-09-13T17:20:08.894000,60911729a640b4d970a794d0,5d663912-f57c-4e7f-9db7-1c2cc13cf679,le-taxi
13055-T-808,David,13055,"5.37447185296808, 43.26204684988",Promenade G. Pompidou,,,,2021-09-13T17:20:08.894000,60911729a640b4d970a794d0,5d663912-f57c-4e7f-9db7-1c2cc13cf679,le-taxi
13055-T-799,Malrieu,13055,"5.38975340651799, 43.2474389526784",Rue Jean Malrieu,,,,2021-09-13T17:20:08.894000,60911729a640b4d970a794d0,5d663912-f57c-4e7f-9db7-1c2cc13cf679,le-taxi
13055-T-798,Stalingrad,13055,"5.38492837436798, 43.2996905653238",Square Stalingrad,,,,2021-09-13T17:20:08.894000,60911729a640b4d970a794d0,5d663912-f57c-4e7f-9db7-1c2cc13cf679,le-taxi
13055-T-752,Eugene Pierre,13055,"5.3908779660752, 43.2949110424433",Angle Bd Chave Bd Eugene Pierre,,0811469090,,2021-09-13T17:20:08.894000,60911729a640b4d970a794d0,5d663912-f57c-4e7f-9db7-1c2cc13cf679,le-taxi
13055-T-748,Dromel,13055,"5.4032986961748, 43.2691628586019",Bd Sainte Marguerite,,0811469090,Bd Schloesing,2021-09-13T17:20:08.894000,60911729a640b4d970a794d0,5d663912-f57c-4e7f-9db7-1c2cc13cf679,le-taxi
13055-T-734,Jean Ballard,13055,"5.37428931717734, 43.29400499661",Cours Jean Ballard,,0811469090,,2021-09-13T17:20:08.894000,60911729a640b4d970a794d0,5d663912-f57c-4e7f-9db7-1c2cc13cf679,le-taxi
13055-T-684,Mazargues,13055,"5.39426527643684, 43.2587886632844",Ave de Mazargues,,0811469090,,2021-09-13T17:20:08.894000,60911729a640b4d970a794d0,5d663912-f57c-4e7f-9db7-1c2cc13cf679,le-taxi
13055-T-679,Kleber,13055,"5.37792727716679, 43.3111396067536",Rue Kleber Prolongee,,0811469090,,2021-09-13T17:20:08.894000,60911729a640b4d970a794d0,5d663912-f57c-4e7f-9db7-1c2cc13cf679,le-taxi
13055-T-678,Lafon,13055,"5.38147646970678, 43.2914501094285",Rue Lafon,,,,2021-09-13T17:20:08.894000,60911729a640b4d970a794d0,5d663912-f57c-4e7f-9db7-1c2cc13cf679,le-taxi
13055-T-666,Bailli De Suffren,13055,"5.3751100925666, 43.2948664046419",Rue Bailli de Suffren,,0811469090,,2021-09-13T17:20:08.894000,60911729a640b4d970a794d0,5d663912-f57c-4e7f-9db7-1c2cc13cf679,le-taxi
13055-T-665,Prado Chanot,13055,"5.39222753630665, 43.2725230879331",Rond point du Prado,,0811469090,,2021-09-13T17:20:08.894000,60911729a640b4d970a794d0,5d663912-f57c-4e7f-9db7-1c2cc13cf679,le-taxi
13055-T-663,Montricher,13055,"5.39310804408663, 43.3042917551718",Bd Montricher,,0811469090,,2021-09-13T17:20:08.894000,60911729a640b4d970a794d0,5d663912-f57c-4e7f-9db7-1c2cc13cf679,le-taxi
13055-T-621,Rose,13055,"5.42948670475621, 43.3301722436315",Ave de la Croix Rouge,,0811469090,,2021-09-13T17:20:08.894000,60911729a640b4d970a794d0,5d663912-f57c-4e7f-9db7-1c2cc13cf679,le-taxi
13055-T-614,Station Dome,13055,"5.40404231777614, 43.3164659549026",Avenue de Saint Jjust,,,face au Dome,2021-09-13T17:20:08.894000,60911729a640b4d970a794d0,5d663912-f57c-4e7f-9db7-1c2cc13cf679,le-taxi
13055-T-597,Bernard Cadenat,13055,"5.38659706051597, 43.3118806663674",Place Bernard Cadenat,,,,2021-09-13T17:20:08.894000,60911729a640b4d970a794d0,5d663912-f57c-4e7f-9db7-1c2cc13cf679,le-taxi
13055-T-585,Saint Loup,13055,"5.43116534108585, 43.2828311371811",Tse de la Roue,,0811469090,,2021-09-13T17:20:08.894000,60911729a640b4d970a794d0,5d663912-f57c-4e7f-9db7-1c2cc13cf679,le-taxi
13055-T-855,Rouviere,13055,"5.42205856677855, 43.2523770772242",83 Bd du Redon,,0811469090,,2021-09-13T17:20:08.894000,60911729a640b4d970a794d0,5d663912-f57c-4e7f-9db7-1c2cc13cf679,le-taxi
13055-T-894,Paoli Calmettes,13055,"5.41224834643894, 43.2628052152038",Bd Sainte Marguerite,,,,2021-09-13T17:20:08.894000,60911729a640b4d970a794d0,5d663912-f57c-4e7f-9db7-1c2cc13cf679,le-taxi
69123-T-002,TAXSFO01,69123,"4.853424, 45.7089759990571",Rue Charles Plasse,3,,,2021-09-13T17:20:08.894000,60911729a640b4d970a794d0,5d663912-f57c-4e7f-9db7-1c2cc13cf679,le-taxi
13055-T-895,Rosiers,13055,"5.38953481498895, 43.3213332046275",Traverse des Rosiers,,,,2021-09-13T17:20:08.894000,60911729a640b4d970a794d0,5d663912-f57c-4e7f-9db7-1c2cc13cf679,le-taxi
31116-T-013,SPORTS (RUE DES SPORTS),31116,"1.42807632123, 43.6931107304",13 RUE DES SPORTS CASTELGINEST,1,,,2021-09-13T17:20:08.894000,60911729a640b4d970a794d0,5d663912-f57c-4e7f-9db7-1c2cc13cf679,le-taxi
31069-T-042,AEROCONSTELLATION (AV D AEROCONSTELLATION),31069,"1.35968228328, 43.6550222857",AV D AEROCONSTELLATION BLAGNAC,2,,,2021-09-13T17:20:08.894000,60911729a640b4d970a794d0,5d663912-f57c-4e7f-9db7-1c2cc13cf679,le-taxi
31069-T-033,AEROCONSTELLATION (AV D AEROCONSTELLATION),31069,"1.36021339356, 43.6547783189",AV D AEROCONSTELLATION BLAGNAC,3,,,2021-09-13T17:20:08.894000,60911729a640b4d970a794d0,5d663912-f57c-4e7f-9db7-1c2cc13cf679,le-taxi
29019-T-013,Place de Strasbourg,29019,"-4.46649726847175, 48.4018221677253",Place de Strasbourg,6,,,2021-09-13T17:20:08.894000,60911729a640b4d970a794d0,5d663912-f57c-4e7f-9db7-1c2cc13cf679,le-taxi
29019-T-012,École primaire publique Ferdinand Buisson,29019,"-4.49185602968281, 48.4151456455221",Rue Yves Giloux,5,,,2021-09-13T17:20:08.894000,60911729a640b4d970a794d0,5d663912-f57c-4e7f-9db7-1c2cc13cf679,le-taxi
29019-T-011,Patinoire,29019,"-4.50979712256176, 48.404876935444",Avenue de Tarente,4,,,2021-09-13T17:20:08.894000,60911729a640b4d970a794d0,5d663912-f57c-4e7f-9db7-1c2cc13cf679,le-taxi
29019-T-010,Rue Albert Rolland,29019,"-4.48895469163256, 48.3810676262114",Rue Albert Rolland,4,,,2021-09-13T17:20:08.894000,60911729a640b4d970a794d0,5d663912-f57c-4e7f-9db7-1c2cc13cf679,le-taxi
29019-T-009,Recouvrance,29019,"-4.50013421413494, 48.3840651381711",Rue Bouillon,3,,,2021-09-13T17:20:08.894000,60911729a640b4d970a794d0,5d663912-f57c-4e7f-9db7-1c2cc13cf679,le-taxi
29019-T-008,Rue docteur Roux,29019,"-4.51808280851782, 48.3831344139522",Rue docteur Roux,3,,,2021-09-13T17:20:08.894000,60911729a640b4d970a794d0,5d663912-f57c-4e7f-9db7-1c2cc13cf679,le-taxi
29019-T-007,PMR,29019,"-4.61696962772491, 48.3822239148469",Rue de Coat Omnes,1,,,2021-09-13T17:20:08.894000,60911729a640b4d970a794d0,5d663912-f57c-4e7f-9db7-1c2cc13cf679,le-taxi
29019-T-006,Bas de Siam,29019,"-4.49307982490963, 48.3854878660093",Bas de Siam,4,,,2021-09-13T17:20:08.894000,60911729a640b4d970a794d0,5d663912-f57c-4e7f-9db7-1c2cc13cf679,le-taxi
29019-T-005,Brest Arena,29019,"-4.51860515198442, 48.3869831897188",Rue de Quélern,3,,,2021-09-13T17:20:08.894000,60911729a640b4d970a794d0,5d663912-f57c-4e7f-9db7-1c2cc13cf679,le-taxi
29019-T-004,rue Kerfautras,29019,"-4.47624643658769, 48.3970411750703",rue Kerfautras,4,,,2021-09-13T17:20:08.894000,60911729a640b4d970a794d0,5d663912-f57c-4e7f-9db7-1c2cc13cf679,le-taxi
29019-T-003,Patinoire,29019,"-4.50974544447318, 48.4048359706359",Avenue de Tarente,4,,,2021-09-13T17:20:08.894000,60911729a640b4d970a794d0,5d663912-f57c-4e7f-9db7-1c2cc13cf679,le-taxi
29019-T-002,Gares,29019,"-4.48018614498299, 48.3872570419715",Place du 19è RI,18,,,2021-09-13T17:20:08.894000,60911729a640b4d970a794d0,5d663912-f57c-4e7f-9db7-1c2cc13cf679,le-taxi
29019-T-001,Prat Lédan,29019,"-4.50504910273554, 48.3841143634458",Prat Lédan,4,,,2021-09-13T17:20:08.894000,60911729a640b4d970a794d0,5d663912-f57c-4e7f-9db7-1c2cc13cf679,le-taxi
29019-T-000,Multiplexe Liberté,29019,"-4.48733356920263, 48.390309878589",Avancée Porte St Louis,7,,,2021-09-13T17:20:08.894000,60911729a640b4d970a794d0,5d663912-f57c-4e7f-9db7-1c2cc13cf679,le-taxi
13055-T-996,Alphonse Canovas,13055,"5.35593697499996, 43.3714515325732",Place Alphonse Canovas,,0811469090,,2021-09-13T17:20:08.894000,60911729a640b4d970a794d0,5d663912-f57c-4e7f-9db7-1c2cc13cf679,le-taxi
13055-T-974,Hopital Nord,13055,"5.36326778925974, 43.3773353640804",Boulevard Pierre Dramard,,0811469090,,2021-09-13T17:20:08.894000,60911729a640b4d970a794d0,5d663912-f57c-4e7f-9db7-1c2cc13cf679,le-taxi
13055-T-967,Schweitzer,13055,"5.38727821868967, 43.2837746513612",Rue du Docteur Schweitzer,,,,2021-09-13T17:20:08.894000,60911729a640b4d970a794d0,5d663912-f57c-4e7f-9db7-1c2cc13cf679,le-taxi
13055-T-964,Marcel Leclerc,13055,"5.39499051736964, 43.2683715991583",Allee Marcel Leclerc,,0811469090,,2021-09-13T17:20:08.894000,60911729a640b4d970a794d0,5d663912-f57c-4e7f-9db7-1c2cc13cf679,le-taxi
13055-T-956,Gilbert Dru,13055,"5.36850607724956, 43.3025296096945",Rue Gilbert Dru,,,,2021-09-13T17:20:08.894000,60911729a640b4d970a794d0,5d663912-f57c-4e7f-9db7-1c2cc13cf679,le-taxi
13055-T-941,Hopital Europeen,13055,"5.37212630744941, 43.3091650713573",Rue Desiree Clary,,,,2021-09-13T17:20:08.894000,60911729a640b4d970a794d0,5d663912-f57c-4e7f-9db7-1c2cc13cf679,le-taxi
13055-T-584,Bonnefon,13055,"5.38191283296584, 43.2539328884261",Place Louis Bonnefon,,,,2021-09-13T17:20:08.894000,60911729a640b4d970a794d0,5d663912-f57c-4e7f-9db7-1c2cc13cf679,le-taxi
13055-T-583,St Giniez,13055,"5.38727276945583, 43.2700478619136",Avenue du Prado,,0811469090,,2021-09-13T17:20:08.894000,60911729a640b4d970a794d0,5d663912-f57c-4e7f-9db7-1c2cc13cf679,le-taxi
13055-T-526,Notre Dame,13055,"5.37383322462526, 43.2870586045776",Bd Notre Dame,,,,2021-09-13T17:20:08.894000,60911729a640b4d970a794d0,5d663912-f57c-4e7f-9db7-1c2cc13cf679,le-taxi
13055-T-513,William Booth,13055,"5.44461447982513, 43.2951742511331",Ave William booth,,,,2021-09-13T17:20:08.894000,60911729a640b4d970a794d0,5d663912-f57c-4e7f-9db7-1c2cc13cf679,le-taxi
13055-T-125,Joliot Curie,13055,"5.43625718590125, 43.3421953577616",Rond point Joliot Curie IUT Saint Jerome,,,,2021-09-13T17:20:08.894000,60911729a640b4d970a794d0,5d663912-f57c-4e7f-9db7-1c2cc13cf679,le-taxi
13055-T-114,Figone,13055,"5.43658179810114, 43.3083367730338",Avenue de la Figone,,0811469090,,2021-09-13T17:20:08.894000,60911729a640b4d970a794d0,5d663912-f57c-4e7f-9db7-1c2cc13cf679,le-taxi
13055-T-089,Hopital Conception,13055,"5.39560266316089, 43.2921741538629",Rue Saint Pierre,,0811469090,,2021-09-13T17:20:08.894000,60911729a640b4d970a794d0,5d663912-f57c-4e7f-9db7-1c2cc13cf679,le-taxi
13055-T-076,Notre Dame Du Mont,13055,"5.38451249127076, 43.2918183969292",Place notre Dame du Mont,,0811469090,,2021-09-13T17:20:08.894000,60911729a640b4d970a794d0,5d663912-f57c-4e7f-9db7-1c2cc13cf679,le-taxi
13055-T-059,Cazemajou,13055,"5.36731891401059, 43.318871127985",Place Cazemajou,,,,2021-09-13T17:20:08.894000,60911729a640b4d970a794d0,5d663912-f57c-4e7f-9db7-1c2cc13cf679,le-taxi
13055-T-051,Danielle Casanova,13055,"5.37473029039051, 43.3267006810518",Boulevard Danielle Casanova,,,,2021-09-13T17:20:08.894000,60911729a640b4d970a794d0,5d663912-f57c-4e7f-9db7-1c2cc13cf679,le-taxi
13055-T-047,Quai Du Port,13055,"5.36766367362047, 43.2956433902129",Quai du Port,,,,2021-09-13T17:20:08.894000,60911729a640b4d970a794d0,5d663912-f57c-4e7f-9db7-1c2cc13cf679,le-taxi
13055-T-045,Endoume St Victor,13055,"5.36634795719045, 43.2896953352366",Rue d'Endoume,,0811469090,,2021-09-13T17:20:08.894000,60911729a640b4d970a794d0,5d663912-f57c-4e7f-9db7-1c2cc13cf679,le-taxi
13055-T-036,Chauvelin,13055,"5.38990511846036, 43.2878812007534",Rue Chauvelin,,,,2021-09-13T17:20:08.894000,60911729a640b4d970a794d0,5d663912-f57c-4e7f-9db7-1c2cc13cf679,le-taxi
13055-T-023,Joseph Etienne,13055,"5.35926390171023, 43.2846617288703",Angle rue d'Endoume/Avenue Joseph Etienne,,,,2021-09-13T17:20:08.894000,60911729a640b4d970a794d0,5d663912-f57c-4e7f-9db7-1c2cc13cf679,le-taxi
13055-T-018,Saint Sebastien,13055,"5.38451267425018, 43.2819509311926",Rue Saint Sebastien,,,,2021-09-13T17:20:08.894000,60911729a640b4d970a794d0,5d663912-f57c-4e7f-9db7-1c2cc13cf679,le-taxi
13055-T-016,Jobin,13055,"5.39024011723016, 43.3094755562443",30 rue Jobin,,,,2021-09-13T17:20:08.894000,60911729a640b4d970a794d0,5d663912-f57c-4e7f-9db7-1c2cc13cf679,le-taxi
13055-T-011,Simon Bolivar,13055,"5.37833979518011, 43.3456838137122",Boulevard Simon Bolivar,,,,2021-09-13T17:20:08.894000,60911729a640b4d970a794d0,5d663912-f57c-4e7f-9db7-1c2cc13cf679,le-taxi
06088-T-032,OPERA,06088,"7.2729765, 43.6959526",Rue Raoul Bosio,,,,2021-09-13T17:20:08.894000,60911729a640b4d970a794d0,5d663912-f57c-4e7f-9db7-1c2cc13cf679,le-taxi
06088-T-029,MUSEE CHAGALL,06088,"7.2696564, 43.7096191",Rue du Docteur Ménard,,,,2021-09-13T17:20:08.894000,60911729a640b4d970a794d0,5d663912-f57c-4e7f-9db7-1c2cc13cf679,le-taxi
06088-T-023,JARDIN IBERT,06088,"7.2564671, 43.7009",Angle bd Gambetta / Rue Rossini,,,,2021-09-13T17:20:08.894000,60911729a640b4d970a794d0,5d663912-f57c-4e7f-9db7-1c2cc13cf679,le-taxi
06088-T-012,GARE DES CHEMINS DE FER DE PROVENCE,06088,"7.2598518, 43.7090101",Rue Alfred Binet - devant la nouvelle gare,,0493137878,,2021-09-13T17:20:08.894000,60911729a640b4d970a794d0,5d663912-f57c-4e7f-9db7-1c2cc13cf679,le-taxi
06088-T-011,GARE DE RIQUIER,06088,"7.2900097, 43.7055259",Devant la gare de Riquier,,,,2021-09-13T17:20:08.894000,60911729a640b4d970a794d0,5d663912-f57c-4e7f-9db7-1c2cc13cf679,le-taxi
06088-T-010,GARE S.N.C.F.,06088,"7.2616862, 43.7040472",Avenue Thiers - Devant la gare SNCF,,,,2021-09-13T17:20:08.894000,60911729a640b4d970a794d0,5d663912-f57c-4e7f-9db7-1c2cc13cf679,le-taxi
06088-T-002,AEROPORT  II,06088,"7.2149488, 43.6661332",Terminal 2,,,,2021-09-13T17:20:08.894000,60911729a640b4d970a794d0,5d663912-f57c-4e7f-9db7-1c2cc13cf679,le-taxi
06088-T-001,AEROPORT  I,06088,"7.2149488, 43.6661332",Terminal 1,,,,2021-09-13T17:20:08.894000,60911729a640b4d970a794d0,5d663912-f57c-4e7f-9db7-1c2cc13cf679,le-taxi
06004-T-991,La Garoupe,06004,"7.13547, 43.5545056",chemin de la garoupe,,,,2021-09-13T17:20:08.894000,60911729a640b4d970a794d0,5d663912-f57c-4e7f-9db7-1c2cc13cf679,le-taxi
06004-T-014,avenue Guy de Maupassant,06004,"7.0637, 43.34076",avenue Guy de Maupassant,,,,2021-09-13T17:20:08.894000,60911729a640b4d970a794d0,5d663912-f57c-4e7f-9db7-1c2cc13cf679,le-taxi
13055-T-138,Grandrue,13055,"5.37102636253138, 43.2977188871525",Rue Grand'Rue,,,,2021-09-13T17:20:08.894000,60911729a640b4d970a794d0,5d663912-f57c-4e7f-9db7-1c2cc13cf679,le-taxi
13055-T-161,Castellane,13055,"5.38352958418161, 43.2856546803188",Place Castellane,,0811469090,,2021-09-13T17:20:08.894000,60911729a640b4d970a794d0,5d663912-f57c-4e7f-9db7-1c2cc13cf679,le-taxi
13055-T-177,Claudel,13055,"5.42049172887177, 43.2691296809553",225 Bd Paul Claudel,,,,2021-09-13T17:20:08.894000,60911729a640b4d970a794d0,5d663912-f57c-4e7f-9db7-1c2cc13cf679,le-taxi
13055-T-368,Camille Pelletan,13055,"5.37324943904368, 43.305401187325",Avenue Camille Pelletan,,0811469090,,2021-09-13T17:20:08.894000,60911729a640b4d970a794d0,5d663912-f57c-4e7f-9db7-1c2cc13cf679,le-taxi
13055-T-505,Joliette,13055,"5.36561825108505, 43.3051480615497",Place de la Joliette,,,,2021-09-13T17:20:08.894000,60911729a640b4d970a794d0,5d663912-f57c-4e7f-9db7-1c2cc13cf679,le-taxi
13055-T-494,Bois Lemaitre,13055,"5.43278108107494, 43.3209789593729",Square Edouard Estaunie,,,,2021-09-13T17:20:08.894000,60911729a640b4d970a794d0,5d663912-f57c-4e7f-9db7-1c2cc13cf679,le-taxi
13055-T-464,Enco De Botte,13055,"5.46507874737464, 43.3126847179141",Face au 4bis route d'enco de botte,,,,2021-09-13T17:20:08.894000,60911729a640b4d970a794d0,5d663912-f57c-4e7f-9db7-1c2cc13cf679,le-taxi
13055-T-462,Saint Louis,13055,"5.3584332208462, 43.3479091440311",Chemin de Saint Louis,,,,2021-09-13T17:20:08.894000,60911729a640b4d970a794d0,5d663912-f57c-4e7f-9db7-1c2cc13cf679,le-taxi
13055-T-451,Hambourg,13055,"5.38994042374451, 43.2495703246654",Avenue de Hambourg,,0811469090,,2021-09-13T17:20:08.894000,60911729a640b4d970a794d0,5d663912-f57c-4e7f-9db7-1c2cc13cf679,le-taxi
13055-T-432,Mucem,13055,"5.36286034562432, 43.2983107773665",Bd du Littoral,,,,2021-09-13T17:20:08.894000,60911729a640b4d970a794d0,5d663912-f57c-4e7f-9db7-1c2cc13cf679,le-taxi
13055-T-424,Delibes,13055,"5.38272230879424, 43.2792621210563",Place Ernest Delibes,,0811469090,,2021-09-13T17:20:08.894000,60911729a640b4d970a794d0,5d663912-f57c-4e7f-9db7-1c2cc13cf679,le-taxi
13055-T-413,Quai De Rive Neuve,13055,"5.36988355879413, 43.2930004303239",20 quai de Rive Neuve,,,,2021-09-13T17:20:08.894000,60911729a640b4d970a794d0,5d663912-f57c-4e7f-9db7-1c2cc13cf679,le-taxi
13055-T-379,Vieille Chapelle,13055,"5.37440227512379, 43.2478730587312",Pce Vieille Chapelle,,,,2021-09-13T17:20:08.894000,60911729a640b4d970a794d0,5d663912-f57c-4e7f-9db7-1c2cc13cf679,le-taxi
13055-T-374,Place Du Quatre Septembre,13055,"5.35909905667374, 43.288807160618",rue Decazes,,0811469090,,2021-09-13T17:20:08.894000,60911729a640b4d970a794d0,5d663912-f57c-4e7f-9db7-1c2cc13cf679,le-taxi
13055-T-352,Bir Hakeim,13055,"5.3771696727352, 43.2971165376457",Rue de Bir Hakeim,,,,2021-09-13T17:20:08.894000,60911729a640b4d970a794d0,5d663912-f57c-4e7f-9db7-1c2cc13cf679,le-taxi
13055-T-193,Puget Haut,13055,"5.37238334082193, 43.289981644889",Cours Pierre Puget,,,,2021-09-13T17:20:08.894000,60911729a640b4d970a794d0,5d663912-f57c-4e7f-9db7-1c2cc13cf679,le-taxi
13055-T-308,Nedelec,13055,"5.37687044338308, 43.3022955274524",avenue Charles Nedelec,,,,2021-09-13T17:20:08.894000,60911729a640b4d970a794d0,5d663912-f57c-4e7f-9db7-1c2cc13cf679,le-taxi
13055-T-305,Grimaldi Regusse,13055,"5.41450458592305, 43.304513643946",Boulevard Grimaldi,,0811469090,,2021-09-13T17:20:08.894000,60911729a640b4d970a794d0,5d663912-f57c-4e7f-9db7-1c2cc13cf679,le-taxi
13055-T-276,Estaque Plage,13055,"5.31524068167276, 43.360176626323",Plage de l'Estaque,,,,2021-09-13T17:20:08.894000,60911729a640b4d970a794d0,5d663912-f57c-4e7f-9db7-1c2cc13cf679,le-taxi
13055-T-272,Honnorat,13055,"5.3813842592272, 43.3041349761152",Rue Honnorat,,,,2021-09-13T17:20:08.894000,60911729a640b4d970a794d0,5d663912-f57c-4e7f-9db7-1c2cc13cf679,le-taxi
13055-T-269,Chutes Lavie,13055,"5.39714006271269, 43.3138424273273",Ave des Chutes Lavie,,,,2021-09-13T17:20:08.894000,60911729a640b4d970a794d0,5d663912-f57c-4e7f-9db7-1c2cc13cf679,le-taxi
13055-T-245,Pont De Vivaux,13055,"5.41727313678245, 43.2794198012313",Place de Pont de Vivaux,,0811469090,,2021-09-13T17:20:08.894000,60911729a640b4d970a794d0,5d663912-f57c-4e7f-9db7-1c2cc13cf679,le-taxi
13055-T-242,Provence,13055,"5.39708693713242, 43.3017234052623",Rue de Provence,,0811469090,,2021-09-13T17:20:08.894000,60911729a640b4d970a794d0,5d663912-f57c-4e7f-9db7-1c2cc13cf679,le-taxi
13055-T-221,Leon Gambetta,13055,"5.38108257915221, 43.2992066868016",Allee Leon Gambetta,,0811469090,,2021-09-13T17:20:08.894000,60911729a640b4d970a794d0,5d663912-f57c-4e7f-9db7-1c2cc13cf679,le-taxi
13055-T-204,Guinot,13055,"5.371490295204, 43.3104031208235",Rue Guinot,,,,2021-09-13T17:20:08.894000,60911729a640b4d970a794d0,5d663912-f57c-4e7f-9db7-1c2cc13cf679,le-taxi
13055-T-203,Mery,13055,"5.37132679916203, 43.2989414648852",Rue Mery,,,,2021-09-13T17:20:08.894000,60911729a640b4d970a794d0,5d663912-f57c-4e7f-9db7-1c2cc13cf679,le-taxi
31149-T-014,GUYNEMER (AV GEORGES GUYNEMER),31149,"1.34341457759, 43.6164261403",6 AV GEORGES GUYNEMER COLOMIERS,1,,,2021-09-13T17:20:08.894000,60911729a640b4d970a794d0,5d663912-f57c-4e7f-9db7-1c2cc13cf679,le-taxi
31149-T-023,POSTE (PL DE LA POSTE),31149,"1.3294392305, 43.6102856714",1 PL DE LA POSTE COLOMIERS,1,,,2021-09-13T17:20:08.894000,60911729a640b4d970a794d0,5d663912-f57c-4e7f-9db7-1c2cc13cf679,le-taxi
31417-T-022,PRINCIPALE (RUE PRINCIPALE),31417,"1.28114825994, 43.6171829922",43 RUE PRINCIPALE PIBRAC,4,,,2021-09-13T17:20:08.894000,60911729a640b4d970a794d0,5d663912-f57c-4e7f-9db7-1c2cc13cf679,le-taxi
38529-T-001,Uriage,38529,"5.810867, 45.118761",Avenue d’Uriage,2,,,2021-09-13T17:20:08.894000,60911729a640b4d970a794d0,5d663912-f57c-4e7f-9db7-1c2cc13cf679,le-taxi
54526-T-001,TOMBLAINE (angle rue de la République),54526,"6.21079921524923, 48.6867256348795",Avenue de la Concorde,,,,2021-09-13T17:20:08.894000,60911729a640b4d970a794d0,5d663912-f57c-4e7f-9db7-1c2cc13cf679,le-taxi
54395-T-012,MARCHE CENTRAL (derrière marché couvert),54395,"6.18213871904528, 48.6893412198224",Place Henri Mengin,,,,2021-09-13T17:20:08.894000,60911729a640b4d970a794d0,5d663912-f57c-4e7f-9db7-1c2cc13cf679,le-taxi
54395-T-011,FABVIER (angle rue Maréchal Juin),54395,"6.17441191227471, 48.6791567628722",Rue du Général Fabvier,,,,2021-09-13T17:20:08.894000,60911729a640b4d970a794d0,5d663912-f57c-4e7f-9db7-1c2cc13cf679,le-taxi
54395-T-010,CROIX DE BOURGOGNE (A l'angle Rue Jeanne d'Arc),54395,"6.17201058033846, 48.6851695785702",Place de la Croix de Bourgogne,,,,2021-09-13T17:20:08.894000,60911729a640b4d970a794d0,5d663912-f57c-4e7f-9db7-1c2cc13cf679,le-taxi
54395-T-009,HAUT DU LIEVRE (en face de la clinique Majorelle),54395,"6.14396689405266, 48.7017692174085",rue Ambroise Paré,,,,2021-09-13T17:20:08.894000,60911729a640b4d970a794d0,5d663912-f57c-4e7f-9db7-1c2cc13cf679,le-taxi
54395-T-008,VELODROME (angle Bd Aiguillettes),54395,"6.16495296453783, 48.6672668601401",Avenue du Général Mangin,,,,2021-09-13T17:20:08.894000,60911729a640b4d970a794d0,5d663912-f57c-4e7f-9db7-1c2cc13cf679,le-taxi
54395-T-007,AIME MOROT (angle rue Saint Bodon),54395,"6.1655495953671, 48.6991473341293",Place Aimée Morot,,,,2021-09-13T17:20:08.894000,60911729a640b4d970a794d0,5d663912-f57c-4e7f-9db7-1c2cc13cf679,le-taxi
54395-T-006,HOPITAL CENTRAL (devant hôpital central),54395,"6.1896718625702, 48.6837771725029",Avenue Maréchal de Lattre de Tassigny,,,,2021-09-13T17:20:08.894000,60911729a640b4d970a794d0,5d663912-f57c-4e7f-9db7-1c2cc13cf679,le-taxi
54395-T-005,CITADELLE (devant Porte Citadelle),54395,"6.17790773911121, 48.7002731340837",Rue Henri Deglin,,,,2021-09-13T17:20:08.894000,60911729a640b4d970a794d0,5d663912-f57c-4e7f-9db7-1c2cc13cf679,le-taxi
54395-T-004,MEDREVILLE (angle rue de Cronstadt),54395,"6.15859514726252, 48.6846769925112",Rue de Laxou,,,,2021-09-13T17:20:08.894000,60911729a640b4d970a794d0,5d663912-f57c-4e7f-9db7-1c2cc13cf679,le-taxi
54395-T-003,PORTE HERE (Place Carrière),54395,"6.1826094490822, 48.6945245618332",Place Carrière,,,,2021-09-13T17:20:08.894000,60911729a640b4d970a794d0,5d663912-f57c-4e7f-9db7-1c2cc13cf679,le-taxi
54395-T-002,CATHEDRALE (angle rue Stanislas),54395,"6.1812905793819, 48.6923661044661",Rue Saint-Dizier,,,,2021-09-13T17:20:08.894000,60911729a640b4d970a794d0,5d663912-f57c-4e7f-9db7-1c2cc13cf679,le-taxi
54395-T-001,Gare SNCF (Station Taxi niveau -1),54395,"6.17505667172313, 48.6895707824448",Place Simone Veil,,,,2021-09-13T17:20:08.894000,60911729a640b4d970a794d0,5d663912-f57c-4e7f-9db7-1c2cc13cf679,le-taxi
54274-T-001,JARVILLE (à côté de la Mairie),54274,"6.20272344938798, 48.6730493985139",Rue de la République,,,,2021-09-13T17:20:08.894000,60911729a640b4d970a794d0,5d663912-f57c-4e7f-9db7-1c2cc13cf679,le-taxi
54184-T-001,ESSEY-LES-NANCY (à côté du Mac Donald),54184,"6.22463458820499, 48.7010312142633",Avenue Brigachtal,,,,2021-09-13T17:20:08.894000,60911729a640b4d970a794d0,5d663912-f57c-4e7f-9db7-1c2cc13cf679,le-taxi
45234-T-008,Place Albert Camus,45234,"1.93681527943398, 47.83441295",Place Albert Camus,1,,,2021-09-13T17:20:08.894000,60911729a640b4d970a794d0,5d663912-f57c-4e7f-9db7-1c2cc13cf679,le-taxi
45234-T-007,Hôpital de la Source,45234,"1.9238762, 47.8366792",Avenue de l’hôpital,3,,,2021-09-13T17:20:08.894000,60911729a640b4d970a794d0,5d663912-f57c-4e7f-9db7-1c2cc13cf679,le-taxi
45234-T-006,Rue Greffier,45234,"1.905919, 47.8847021",Rue Greffier,1,,,2021-09-13T17:20:08.894000,60911729a640b4d970a794d0,5d663912-f57c-4e7f-9db7-1c2cc13cf679,le-taxi
45234-T-005,Rue Eugène Turbat,45234,"1.9059222, 47.8881595",62 Rue Eugène Turbat,2,,,2021-09-13T17:20:08.894000,60911729a640b4d970a794d0,5d663912-f57c-4e7f-9db7-1c2cc13cf679,le-taxi
45234-T-004,rue Porte Madeleine,45234,"1.8963108, 47.9016694",28 rue Porte Madeleine,3,,,2021-09-13T17:20:08.894000,60911729a640b4d970a794d0,5d663912-f57c-4e7f-9db7-1c2cc13cf679,le-taxi
45234-T-003,Rue Royale,45234,"1.9038722, 47.9020632",73 Rue Royale,2,,,2021-09-13T17:20:08.894000,60911729a640b4d970a794d0,5d663912-f57c-4e7f-9db7-1c2cc13cf679,le-taxi
45234-T-002,Gare d’Orléans,45234,"1.9047165488601, 47.9078924",Gare d’Orléans,20,,,2021-09-13T17:20:08.894000,60911729a640b4d970a794d0,5d663912-f57c-4e7f-9db7-1c2cc13cf679,le-taxi
45234-T-001,Rue Jean Philippe Rameau,45234,"1.9295926, 47.9113859",Rue Jean Philippe Rameau,2,,,2021-09-13T17:20:08.894000,60911729a640b4d970a794d0,5d663912-f57c-4e7f-9db7-1c2cc13cf679,le-taxi
54547-T-001,GERARD D'ALSACE,54547,"6.18383924192434, 48.6732890644986",Avenue Paul Doumer,,,,2021-09-13T17:20:08.894000,60911729a640b4d970a794d0,5d663912-f57c-4e7f-9db7-1c2cc13cf679,le-taxi
54547-T-002,NATIONS (centre commercial),54547,"6.17401976170509, 48.6629948816861",Rue des Nations,,,,2021-09-13T17:20:08.894000,60911729a640b4d970a794d0,5d663912-f57c-4e7f-9db7-1c2cc13cf679,le-taxi
54547-T-003,CHU,54547,"6.14547772931844, 48.6483889646845",CHU devant Hôpital adulte,,,,2021-09-13T17:20:08.894000,60911729a640b4d970a794d0,5d663912-f57c-4e7f-9db7-1c2cc13cf679,le-taxi
56121-T-012,Place Alsace-Lorraine,56121,"-3.36173855999999, 47.74923976",9 Place Alsace-Lorraine,,,sur rue,2021-09-13T17:20:08.894000,60911729a640b4d970a794d0,5d663912-f57c-4e7f-9db7-1c2cc13cf679,le-taxi
69123-T-001,TAX901,69123,"4.805065, 45.7670419990571",Rue de la Pépinière Royale,2,,,2021-09-13T17:20:08.894000,60911729a640b4d970a794d0,5d663912-f57c-4e7f-9db7-1c2cc13cf679,le-taxi
64102-T-031,place Pereire,64102,"-1.46974767404329, 43.4967309851684",place Pereire,,,,2021-09-13T17:20:08.894000,60911729a640b4d970a794d0,5d663912-f57c-4e7f-9db7-1c2cc13cf679,le-taxi
64102-T-030,Place Général de Gaulle,64102,"-1.4759628254628, 43.4935041202616",Place Général de Gaulle,,,,2021-09-13T17:20:08.894000,60911729a640b4d970a794d0,5d663912-f57c-4e7f-9db7-1c2cc13cf679,le-taxi
56121-T-019,Rue Gilles Gahinet,56121,"-3.35267033399998, 47.742027842",,,,sur rue,2021-09-13T17:20:08.894000,60911729a640b4d970a794d0,5d663912-f57c-4e7f-9db7-1c2cc13cf679,le-taxi
56121-T-018,Rue Gilles Gahinet,56121,"-3.35263078100002, 47.742061267",,,,sur rue,2021-09-13T17:20:08.894000,60911729a640b4d970a794d0,5d663912-f57c-4e7f-9db7-1c2cc13cf679,le-taxi
56121-T-017,Rue Honoré d'Estienne d'Orves,56121,"-3.37402157299999, 47.731589803",,,,sur rue,2021-09-13T17:20:08.894000,60911729a640b4d970a794d0,5d663912-f57c-4e7f-9db7-1c2cc13cf679,le-taxi
56121-T-016,Rue du Couëdic de Kergoualer,56121,"-3.364105924, 47.748986384",5 Rue du Couëdic de Kergoualer,,,sur rue,2021-09-13T17:20:08.894000,60911729a640b4d970a794d0,5d663912-f57c-4e7f-9db7-1c2cc13cf679,le-taxi
56121-T-015,Rue du Couëdic de Kergoualer,56121,"-3.36424277499998, 47.748806653",4 Rue du Couëdic de Kergoualer,,,sur rue,2021-09-13T17:20:08.894000,60911729a640b4d970a794d0,5d663912-f57c-4e7f-9db7-1c2cc13cf679,le-taxi
56121-T-014,Rue du Couëdic de Kergoualer,56121,"-3.36426803099999, 47.748772008",4 Rue du Couëdic de Kergoualer,,,sur rue,2021-09-13T17:20:08.894000,60911729a640b4d970a794d0,5d663912-f57c-4e7f-9db7-1c2cc13cf679,le-taxi
56121-T-013,Rue du Couëdic de Kergoualer,56121,"-3.36432455900001, 47.748694466",2 Rue du Couëdic de Kergoualer,,,sur rue,2021-09-13T17:20:08.894000,60911729a640b4d970a794d0,5d663912-f57c-4e7f-9db7-1c2cc13cf679,le-taxi
56121-T-011,Rue Gilles Gahinet,56121,"-3.35280205599997, 47.741916529",,,,sur rue,2021-09-13T17:20:08.894000,60911729a640b4d970a794d0,5d663912-f57c-4e7f-9db7-1c2cc13cf679,le-taxi
54578-T-001,VILLERS (angle Bd Maréchal Lyautey),54578,"6.15644658174365, 48.6769396682827",Boulevard Docteur Cattenoz,,,,2021-09-13T17:20:08.894000,60911729a640b4d970a794d0,5d663912-f57c-4e7f-9db7-1c2cc13cf679,le-taxi
56121-T-010,Rue Honoré d'Estienne d'Orves,56121,"-3.37403942700001, 47.731612684",,,,sur rue,2021-09-13T17:20:08.894000,60911729a640b4d970a794d0,5d663912-f57c-4e7f-9db7-1c2cc13cf679,le-taxi
56121-T-009,Rue du Couëdic de Kergoualer,56121,"-3.36407268599999, 47.74903057",5 Rue du Couëdic de Kergoualer,,,sur rue,2021-09-13T17:20:08.894000,60911729a640b4d970a794d0,5d663912-f57c-4e7f-9db7-1c2cc13cf679,le-taxi
56121-T-008,Rue de Belgique,56121,"-3.38182672900001, 47.759883022",99 Rue de Belgique,,,sur rue,2021-09-13T17:20:08.894000,60911729a640b4d970a794d0,5d663912-f57c-4e7f-9db7-1c2cc13cf679,le-taxi
56121-T-007,Place Alsace-Lorraine,56121,"-3.36168879000002, 47.749224264",9 Place Alsace-Lorraine,,,sur rue,2021-09-13T17:20:08.894000,60911729a640b4d970a794d0,5d663912-f57c-4e7f-9db7-1c2cc13cf679,le-taxi
56121-T-006,Place Alsace-Lorraine,56121,"-3.36163590799998, 47.749207799",9 Place Alsace-Lorraine,,,sur rue,2021-09-13T17:20:08.894000,60911729a640b4d970a794d0,5d663912-f57c-4e7f-9db7-1c2cc13cf679,le-taxi
56121-T-005,Rue Gilles Gahinet,56121,"-3.35270837100001, 47.7419957",,,,sur rue,2021-09-13T17:20:08.894000,60911729a640b4d970a794d0,5d663912-f57c-4e7f-9db7-1c2cc13cf679,le-taxi
56121-T-004,Rue Gilles Gahinet,56121,"-3.35275445500002, 47.741956755",,,,sur rue,2021-09-13T17:20:08.894000,60911729a640b4d970a794d0,5d663912-f57c-4e7f-9db7-1c2cc13cf679,le-taxi
56121-T-003,Rue du Couëdic de Kergoualer,56121,"-3.36404025399997, 47.749073684",5 Rue du Couëdic de Kergoualer,,,sur rue,2021-09-13T17:20:08.894000,60911729a640b4d970a794d0,5d663912-f57c-4e7f-9db7-1c2cc13cf679,le-taxi
56121-T-002,Rue du Couëdic de Kergoualer,56121,"-3.36413351499999, 47.748949707",5 Rue du Couëdic de Kergoualer,,,sur rue,2021-09-13T17:20:08.894000,60911729a640b4d970a794d0,5d663912-f57c-4e7f-9db7-1c2cc13cf679,le-taxi
56121-T-001,Rue du Couëdic de Kergoualer,56121,"-3.36429518400001, 47.74873476",2 Rue du Couëdic de Kergoualer,,,sur rue,2021-09-13T17:20:08.894000,60911729a640b4d970a794d0,5d663912-f57c-4e7f-9db7-1c2cc13cf679,le-taxi
39039-T-001,Joliot-Curie,38039,"5.870029, 45.273657",Avenue Joliot Curie,,,OSM – non trouvé,2021-09-13T17:20:08.894000,60911729a640b4d970a794d0,5d663912-f57c-4e7f-9db7-1c2cc13cf679,le-taxi
38436-T-001,Vercors,38436,"5.643157, 45.071641",Route du Vercors,,,OSM – non trouvé,2021-09-13T17:20:08.894000,60911729a640b4d970a794d0,5d663912-f57c-4e7f-9db7-1c2cc13cf679,le-taxi
31490-T-026,SEGUSINO (AV SEGUSINO),31490,"1.37561986508, 43.7458941326",AV SEGUSINO SAINT-JORY,1,,,2021-09-13T17:20:08.894000,60911729a640b4d970a794d0,5d663912-f57c-4e7f-9db7-1c2cc13cf679,le-taxi
38421-T-001,Ambroise Croizat,38421,"5.7529, 45.1842",Avenue Ambroise Croizat,,,,2021-09-13T17:20:08.894000,60911729a640b4d970a794d0,5d663912-f57c-4e7f-9db7-1c2cc13cf679,le-taxi
31555-T-027,OZENNE (RUE THEODORE OZENNE),31555,"1.44593914014, 43.5975530612",5 RUE THEODORE OZENNE TOULOUSE,2,,,2021-09-13T17:20:08.894000,60911729a640b4d970a794d0,5d663912-f57c-4e7f-9db7-1c2cc13cf679,le-taxi
31555-T-025,VIDAL (RUE PAUL VIDAL),31555,"1.4481965693, 43.6031740552",16 RUE PAUL VIDAL TOULOUSE,2,,,2021-09-13T17:20:08.894000,60911729a640b4d970a794d0,5d663912-f57c-4e7f-9db7-1c2cc13cf679,le-taxi
31555-T-024,EMBOUCHURE (BD DE L EMBOUCHURE),31555,"1.43367040232, 43.6152660757",23 BD DE L EMBOUCHURE TOULOUSE,1,,,2021-09-13T17:20:08.894000,60911729a640b4d970a794d0,5d663912-f57c-4e7f-9db7-1c2cc13cf679,le-taxi
31555-T-020,VALLEREY (ESP GEORGES VALLEREY),31555,"1.43570677993, 43.5875376424",PARC DES EXPOSITIONS TOULOUSE,6,,,2021-09-13T17:20:08.894000,60911729a640b4d970a794d0,5d663912-f57c-4e7f-9db7-1c2cc13cf679,le-taxi
31555-T-019,POTEZ (RPT HENRY POTEZ),31555,"1.48094386781, 43.5795973931",ROND POINT HENRY POTEZ TOULOUSE,4,,,2021-09-13T17:20:08.894000,60911729a640b4d970a794d0,5d663912-f57c-4e7f-9db7-1c2cc13cf679,le-taxi
31555-T-018,BOUILLIERE (PL EDOUARD BOUILLIERE),31555,"1.39259003271, 43.5694206214",5 METRO BASSO CAMBO TOULOUSE,10,,,2021-09-13T17:20:08.894000,60911729a640b4d970a794d0,5d663912-f57c-4e7f-9db7-1c2cc13cf679,le-taxi
31555-T-017,GONORD (AV JEAN GONORD),31555,"1.49192942984, 43.5868037415",8 CITE DE L'ESPACE TOULOUSE,3,,,2021-09-13T17:20:08.894000,60911729a640b4d970a794d0,5d663912-f57c-4e7f-9db7-1c2cc13cf679,le-taxi
31555-T-016,CAPITOLE (PL DU CAPITOLE),31555,"1.44357134185, 43.6039214979",3 PL DU CAPITOLE TOULOUSE,7,,,2021-09-13T17:20:08.894000,60911729a640b4d970a794d0,5d663912-f57c-4e7f-9db7-1c2cc13cf679,le-taxi
31555-T-015,SALIN (PL DU SALIN),31555,"1.44404066818, 43.5938679074",10 PL DU SALIN TOULOUSE,5,,,2021-09-13T17:20:08.894000,60911729a640b4d970a794d0,5d663912-f57c-4e7f-9db7-1c2cc13cf679,le-taxi
31555-T-012,BAYLAC (PL DU DR JOSEPH BAYLAC),31555,"1.39771462443, 43.6080102327",1 PL DU DR JOSEPH BAYLAC TOULOUSE,6,,,2021-09-13T17:20:08.894000,60911729a640b4d970a794d0,5d663912-f57c-4e7f-9db7-1c2cc13cf679,le-taxi
31555-T-011,DISSARD (RUE MARIE LOUISE DISSARD),31555,"1.37218402768, 43.6000889346",HALTE SNCF LIGNE C ST MARTIN TOULOUSE,2,,,2021-09-13T17:20:08.894000,60911729a640b4d970a794d0,5d663912-f57c-4e7f-9db7-1c2cc13cf679,le-taxi
31555-T-010,BONREPOS (BD DE BONREPOS),31555,"1.45285109715, 43.6121807432",64 GARE SNCF   MATABIAU TOULOUSE,20,,,2021-09-13T17:20:08.894000,60911729a640b4d970a794d0,5d663912-f57c-4e7f-9db7-1c2cc13cf679,le-taxi
31555-T-009,CARNOT (BD LAZARE CARNOT),31555,"1.45181589081, 43.6010806251",9 BD LAZARE CARNOT TOULOUSE,8,,,2021-09-13T17:20:08.894000,60911729a640b4d970a794d0,5d663912-f57c-4e7f-9db7-1c2cc13cf679,le-taxi
31555-T-008,WILSON (PL DU PDT THOMAS WILSON),31555,"1.44702891094, 43.6049814103",13 PL DU PDT THOMAS WILSON TOULOUSE,10,,,2021-09-13T17:20:08.894000,60911729a640b4d970a794d0,5d663912-f57c-4e7f-9db7-1c2cc13cf679,le-taxi
31555-T-007,(VA VA007692),31555,"1.43757283025, 43.5843279887",ENTREE  STADIUM TOULOUSE,8,,,2021-09-13T17:20:08.894000,60911729a640b4d970a794d0,5d663912-f57c-4e7f-9db7-1c2cc13cf679,le-taxi
31555-T-006,CARMES (PL DES CARMES),31555,"1.44550295391, 43.5974987606",1 PL DES CARMES TOULOUSE,3,,,2021-09-13T17:20:08.894000,60911729a640b4d970a794d0,5d663912-f57c-4e7f-9db7-1c2cc13cf679,le-taxi
31555-T-005,COSMONAUTES (RUE DES COSMONAUTES),31555,"1.4961152588, 43.5600454248",30 RUE DES COSMONAUTES TOULOUSE,4,,,2021-09-13T17:20:08.894000,60911729a640b4d970a794d0,5d663912-f57c-4e7f-9db7-1c2cc13cf679,le-taxi
31555-T-004,BOUILLIERE (PL EDOUARD BOUILLIERE),31555,"1.39198545131, 43.5695182068",5 METRO BASSO CAMBO TOULOUSE,4,,,2021-09-13T17:20:08.894000,60911729a640b4d970a794d0,5d663912-f57c-4e7f-9db7-1c2cc13cf679,le-taxi
31555-T-003,BAYONNE (RTE DE BAYONNE),31555,"1.39704276524, 43.6081654043",2 RTE DE BAYONNE TOULOUSE,6,,,2021-09-13T17:20:08.894000,60911729a640b4d970a794d0,5d663912-f57c-4e7f-9db7-1c2cc13cf679,le-taxi
31555-T-002,NADAL (PL AGAPITO NADAL),31555,"1.41871358743, 43.5935102549",5 METRO ARENES TOULOUSE,4,,,2021-09-13T17:20:08.894000,60911729a640b4d970a794d0,5d663912-f57c-4e7f-9db7-1c2cc13cf679,le-taxi
31555-T-001,STRASBOURG (BD DE STRASBOURG),31555,"1.44602150571, 43.6081479087",33 BD DE STRASBOURG TOULOUSE,3,,,2021-09-13T17:20:08.894000,60911729a640b4d970a794d0,5d663912-f57c-4e7f-9db7-1c2cc13cf679,le-taxi
31555-T-000,UNIS (AV DES ETATS UNIS),31555,"1.43325834747, 43.6270055899",3 METRO BARRIERE DE PARIS TOULOUSE,7,,,2021-09-13T17:20:08.894000,60911729a640b4d970a794d0,5d663912-f57c-4e7f-9db7-1c2cc13cf679,le-taxi
31506-T-021,POSTE (PL DE LA POSTE),31506,"1.53266608889, 43.554532572",2 PL DE LA POSTE SAINT-ORENS-DE-GAMEVILLE,2,,,2021-09-13T17:20:08.894000,60911729a640b4d970a794d0,5d663912-f57c-4e7f-9db7-1c2cc13cf679,le-taxi
31555-T-028,ARC (PL JEANNE D ARC),31555,"1.44654449475, 43.6092048853",12 PL JEANNE D ARC TOULOUSE,3,,,2021-09-13T17:20:08.894000,60911729a640b4d970a794d0,5d663912-f57c-4e7f-9db7-1c2cc13cf679,le-taxi
31555-T-029,URSS (AV DE L URSS),31555,"1.44935662478, 43.5808725918",56 AV DE L URSS TOULOUSE,3,,,2021-09-13T17:20:08.894000,60911729a640b4d970a794d0,5d663912-f57c-4e7f-9db7-1c2cc13cf679,le-taxi
31555-T-030,MICHEL (GRANDE-RUE SAINT MICHEL),31555,"1.44709150753, 43.5865553228",18 GRANDE RUE SAINT MICHEL TOULOUSE,2,,,2021-09-13T17:20:08.894000,60911729a640b4d970a794d0,5d663912-f57c-4e7f-9db7-1c2cc13cf679,le-taxi
38185-T-002,Gare – Frise,38185,"5.71363, 45.19129",Rue de la Frise,,0476544254,travaux,2021-09-13T17:20:08.894000,60911729a640b4d970a794d0,5d663912-f57c-4e7f-9db7-1c2cc13cf679,le-taxi
38314-T-001,Gare de Pontcharra,38314,"6.008, 45.434",Place de la Gare,3,,,2021-09-13T17:20:08.894000,60911729a640b4d970a794d0,5d663912-f57c-4e7f-9db7-1c2cc13cf679,le-taxi
38281-T-001,Saint Jean,38281,"5.632017, 45.243095",Avenue Saint Jean,,,,2021-09-13T17:20:08.894000,60911729a640b4d970a794d0,5d663912-f57c-4e7f-9db7-1c2cc13cf679,le-taxi
38239-T-001,Gare de Moirans,38239,"5.5819, 45.3224",Route de la Gare,,,,2021-09-13T17:20:08.894000,60911729a640b4d970a794d0,5d663912-f57c-4e7f-9db7-1c2cc13cf679,le-taxi
38229-T-001,Gresivaudan-Aiguinards,38229,"5.762533, 45.210125",Avenue du Gresivaudan,,,,2021-09-13T17:20:08.894000,60911729a640b4d970a794d0,5d663912-f57c-4e7f-9db7-1c2cc13cf679,le-taxi
38185-T-008,Grand Place,38185,"5.73187, 45.15934",Avenue de l’Europe,,,,2021-09-13T17:20:08.894000,60911729a640b4d970a794d0,5d663912-f57c-4e7f-9db7-1c2cc13cf679,le-taxi
38185-T-007,Joffre,38185,"5.7325, 45.18401",Boulevard Marechal Joffre,,,,2021-09-13T17:20:08.894000,60911729a640b4d970a794d0,5d663912-f57c-4e7f-9db7-1c2cc13cf679,le-taxi
38185-T-006,Victor Hugo,38185,"5.724516, 45.189495",Place Victor Hugo,,,,2021-09-13T17:20:08.894000,60911729a640b4d970a794d0,5d663912-f57c-4e7f-9db7-1c2cc13cf679,le-taxi
38185-T-005,Lorraine,38185,"5.715604, 45.189905",Place de la Gare,,,,2021-09-13T17:20:08.894000,60911729a640b4d970a794d0,5d663912-f57c-4e7f-9db7-1c2cc13cf679,le-taxi
38185-T-004,Gare – Casimir Brenier,38185,"5.715636, 45.191326",Rue Casimir Brenier,,,,2021-09-13T17:20:08.894000,60911729a640b4d970a794d0,5d663912-f57c-4e7f-9db7-1c2cc13cf679,le-taxi
38185-T-003,Gare – Emile Gueymard,38185,"5.715028, 45.191447",Rue Emile Gueymard,,,,2021-09-13T17:20:08.894000,60911729a640b4d970a794d0,5d663912-f57c-4e7f-9db7-1c2cc13cf679,le-taxi
38185-T-001,Vallier,38185,"5.7118754, 45.1800016",Boulevard Joseph Vallier,6,,,2021-09-13T17:20:08.894000,60911729a640b4d970a794d0,5d663912-f57c-4e7f-9db7-1c2cc13cf679,le-taxi
31555-T-031,NADAL (PL AGAPITO NADAL),31555,"1.41874436913, 43.5933676398",4 PL AGAPITO NADAL TOULOUSE,1,,,2021-09-13T17:20:08.894000,60911729a640b4d970a794d0,5d663912-f57c-4e7f-9db7-1c2cc13cf679,le-taxi
38151-T-001,Esmonin,38151,"5.728535, 45.15876",Avenue Edmond Esmonin,,,,2021-09-13T17:20:08.894000,60911729a640b4d970a794d0,5d663912-f57c-4e7f-9db7-1c2cc13cf679,le-taxi
31555-T-041,CRABE (CHE DE LA CRABE),31555,"1.37128726669, 43.6111719042",0 CHE DE LA CRABE TOULOUSE,2,,,2021-09-13T17:20:08.894000,60911729a640b4d970a794d0,5d663912-f57c-4e7f-9db7-1c2cc13cf679,le-taxi
31555-T-040,BELIN (AV EDOUARD BELIN),31555,"1.48101547713, 43.5621433352",16 AV EDOUARD BELIN TOULOUSE,2,,,2021-09-13T17:20:08.894000,60911729a640b4d970a794d0,5d663912-f57c-4e7f-9db7-1c2cc13cf679,le-taxi
31555-T-039,WILSON (PL DU PDT THOMAS WILSON),31555,"1.44773721757, 43.6047213533",2 PL DU PDT THOMAS WILSON TOULOUSE,12,,,2021-09-13T17:20:08.894000,60911729a640b4d970a794d0,5d663912-f57c-4e7f-9db7-1c2cc13cf679,le-taxi
31555-T-038,CASSOU (ESP JEAN CASSOU),31555,"1.46359661151, 43.6157279483",2 METRO JOLIMONT TOULOUSE,4,,,2021-09-13T17:20:08.894000,60911729a640b4d970a794d0,5d663912-f57c-4e7f-9db7-1c2cc13cf679,le-taxi
31555-T-037,NARBONNE (RTE DE NARBONNE),31555,"1.46383590924, 43.5607994644",118 METRO UPS TOULOUSE,2,,,2021-09-13T17:20:08.894000,60911729a640b4d970a794d0,5d663912-f57c-4e7f-9db7-1c2cc13cf679,le-taxi
31555-T-036,CAFFARELLI (ESP COMPANS CAFFARELLI),31555,"1.43481641301, 43.6105005685",8 ESP COMPANS CAFFARELLI TOULOUSE,5,,,2021-09-13T17:20:08.894000,60911729a640b4d970a794d0,5d663912-f57c-4e7f-9db7-1c2cc13cf679,le-taxi
31555-T-035,CURIE (AV IRENE JOLIOT CURIE),31555,"1.42633687568, 43.5552558536",1 AV IRENE JOLIOT CURIE TOULOUSE,6,,,2021-09-13T17:20:08.894000,60911729a640b4d970a794d0,5d663912-f57c-4e7f-9db7-1c2cc13cf679,le-taxi
31555-T-034,CYPRIEN (PL INTERIEURE ST CYPRIEN),31555,"1.43152696696, 43.5978536673",3 PL INTERIEURE ST CYPRIEN TOULOUSE,3,,,2021-09-13T17:20:08.894000,60911729a640b4d970a794d0,5d663912-f57c-4e7f-9db7-1c2cc13cf679,le-taxi
31555-T-032,EUROPE (AV DE L EUROPE),31555,"1.484044263, 43.5537700943",AV DE L EUROPE TOULOUSE,1,,,2021-09-13T17:20:08.894000,60911729a640b4d970a794d0,5d663912-f57c-4e7f-9db7-1c2cc13cf679,le-taxi
87085-T-008,Aéroport,87085,"1.176397, 45.862209",Aéroport,,555383838,,2021-09-13T17:20:08.894000,60911729a640b4d970a794d0,5d663912-f57c-4e7f-9db7-1c2cc13cf679,le-taxi
